profile_id,manufacturer,model_family,instrument_class,capability_id,label_ko,category,operation,scpi,response_type,unit,risk_level,scope,verification,parameters_json,source_ids,note_ko
kikusui_pmx35_3a,Kikusui,PMX-A,dc_power_supply,system.identify,기기 식별,system,query,*IDN?,string,,low,,profile_source_confirmed,[],lab_visa_pmx35_profile,
kikusui_pmx35_3a,Kikusui,PMX-A,dc_power_supply,system.reset,초기화,system,execute,*RST,,,medium,,profile_source_confirmed,[],lab_visa_pmx35_profile,
kikusui_pmx35_3a,Kikusui,PMX-A,dc_power_supply,system.clear_status,상태·오류 큐 초기화,system,execute,*CLS,,,low,,profile_source_confirmed,[],lab_visa_pmx35_profile,
kikusui_pmx35_3a,Kikusui,PMX-A,dc_power_supply,system.options.query,옵션 조회,system,query,*OPT?,string,,low,,profile_source_confirmed,[],lab_visa_pmx35_profile,
kikusui_pmx35_3a,Kikusui,PMX-A,dc_power_supply,system.self_test,자기진단,system,query,*TST?,integer,,medium,,profile_source_confirmed,[],lab_visa_pmx35_profile,
kikusui_pmx35_3a,Kikusui,PMX-A,dc_power_supply,trigger.force,버스 트리거,trigger,execute,*TRG,,,medium,,profile_source_confirmed,[],lab_visa_pmx35_profile,
kikusui_pmx35_3a,Kikusui,PMX-A,dc_power_supply,operation.wait,동작 완료 대기,system,execute,*WAI,,,low,,profile_source_confirmed,[],lab_visa_pmx35_profile,
kikusui_pmx35_3a,Kikusui,PMX-A,dc_power_supply,output.state,DC 출력 ON/OFF,output,set,OUTP {state},,,high,,profile_source_confirmed,"[{""mapping"":{""false"":""OFF"",""true"":""ON""},""name"":""state"",""type"":""boolean""}]",lab_visa_pmx35_profile,
kikusui_pmx35_3a,Kikusui,PMX-A,dc_power_supply,output.state,DC 출력 ON/OFF,output,query,OUTP?,boolean,,high,,profile_source_confirmed,"[{""mapping"":{""false"":""OFF"",""true"":""ON""},""name"":""state"",""type"":""boolean""}]",lab_visa_pmx35_profile,
kikusui_pmx35_3a,Kikusui,PMX-A,dc_power_supply,output.power_on_state,전원 인가 시 출력 정책,output,set,OUTP:PON {state},,,high,,profile_source_confirmed,"[{""choices"":[""SAFE"",""AUTO"",""FORCE""],""name"":""state"",""type"":""enum""}]",lab_visa_pmx35_profile,
kikusui_pmx35_3a,Kikusui,PMX-A,dc_power_supply,protection.clear,보호 알람 해제,protection,execute,OUTP:PROT:CLE,,,high,,profile_source_confirmed,[],lab_visa_pmx35_profile,
kikusui_pmx35_3a,Kikusui,PMX-A,dc_power_supply,source.voltage,출력 전압 설정,source,set,VOLT {value},,V,high,,profile_source_confirmed,"[{""maximum"":36.75,""minimum"":0,""name"":""value"",""type"":""float"",""unit"":""V""}]",lab_visa_pmx35_profile,정격 35 V; 출처 프로파일은 105%까지 설정 범위를 기록.
kikusui_pmx35_3a,Kikusui,PMX-A,dc_power_supply,source.voltage,출력 전압 설정,source,query,VOLT?,float,V,high,,profile_source_confirmed,"[{""maximum"":36.75,""minimum"":0,""name"":""value"",""type"":""float"",""unit"":""V""}]",lab_visa_pmx35_profile,정격 35 V; 출처 프로파일은 105%까지 설정 범위를 기록.
kikusui_pmx35_3a,Kikusui,PMX-A,dc_power_supply,protection.over_voltage,과전압 보호 설정,protection,set,VOLT:PROT {value},,V,high,,profile_source_confirmed,"[{""maximum"":38.5,""minimum"":3.5,""name"":""value"",""type"":""float"",""unit"":""V""}]",lab_visa_pmx35_profile,
kikusui_pmx35_3a,Kikusui,PMX-A,dc_power_supply,protection.over_voltage,과전압 보호 설정,protection,query,VOLT:PROT?,float,V,high,,profile_source_confirmed,"[{""maximum"":38.5,""minimum"":3.5,""name"":""value"",""type"":""float"",""unit"":""V""}]",lab_visa_pmx35_profile,
kikusui_pmx35_3a,Kikusui,PMX-A,dc_power_supply,source.voltage.trigger_value,트리거 전압 설정,source,set,VOLT:TRIG {value},,V,high,,profile_source_confirmed,"[{""maximum"":36.75,""minimum"":0,""name"":""value"",""type"":""float"",""unit"":""V""}]",lab_visa_pmx35_profile,
kikusui_pmx35_3a,Kikusui,PMX-A,dc_power_supply,source.voltage.trigger_value,트리거 전압 설정,source,query,VOLT:TRIG?,float,V,high,,profile_source_confirmed,"[{""maximum"":36.75,""minimum"":0,""name"":""value"",""type"":""float"",""unit"":""V""}]",lab_visa_pmx35_profile,
kikusui_pmx35_3a,Kikusui,PMX-A,dc_power_supply,source.current,출력 전류 한계 설정,source,set,CURR {value},,A,high,,profile_source_confirmed,"[{""maximum"":3.15,""minimum"":0,""name"":""value"",""type"":""float"",""unit"":""A""}]",lab_visa_pmx35_profile,정격 3 A; 출처 프로파일은 105%까지 설정 범위를 기록.
kikusui_pmx35_3a,Kikusui,PMX-A,dc_power_supply,source.current,출력 전류 한계 설정,source,query,CURR?,float,A,high,,profile_source_confirmed,"[{""maximum"":3.15,""minimum"":0,""name"":""value"",""type"":""float"",""unit"":""A""}]",lab_visa_pmx35_profile,정격 3 A; 출처 프로파일은 105%까지 설정 범위를 기록.
kikusui_pmx35_3a,Kikusui,PMX-A,dc_power_supply,protection.over_current,과전류 보호 설정,protection,set,CURR:PROT {value},,A,high,,profile_source_confirmed,"[{""maximum"":3.3,""minimum"":0.3,""name"":""value"",""type"":""float"",""unit"":""A""}]",lab_visa_pmx35_profile,
kikusui_pmx35_3a,Kikusui,PMX-A,dc_power_supply,protection.over_current,과전류 보호 설정,protection,query,CURR:PROT?,float,A,high,,profile_source_confirmed,"[{""maximum"":3.3,""minimum"":0.3,""name"":""value"",""type"":""float"",""unit"":""A""}]",lab_visa_pmx35_profile,
kikusui_pmx35_3a,Kikusui,PMX-A,dc_power_supply,source.current.trigger_value,트리거 전류 설정,source,set,CURR:TRIG {value},,A,high,,profile_source_confirmed,"[{""maximum"":3.15,""minimum"":0,""name"":""value"",""type"":""float"",""unit"":""A""}]",lab_visa_pmx35_profile,
kikusui_pmx35_3a,Kikusui,PMX-A,dc_power_supply,source.current.trigger_value,트리거 전류 설정,source,query,CURR:TRIG?,float,A,high,,profile_source_confirmed,"[{""maximum"":3.15,""minimum"":0,""name"":""value"",""type"":""float"",""unit"":""A""}]",lab_visa_pmx35_profile,
kikusui_pmx35_3a,Kikusui,PMX-A,dc_power_supply,measurement.voltage,실제 출력 전압 측정,measurement,query,MEAS:VOLT?,float,V,low,,profile_source_confirmed,[],lab_visa_pmx35_profile,
kikusui_pmx35_3a,Kikusui,PMX-A,dc_power_supply,measurement.current,실제 출력 전류 측정,measurement,query,MEAS:CURR?,float,A,low,,profile_source_confirmed,[],lab_visa_pmx35_profile,
kikusui_pmx35_3a,Kikusui,PMX-A,dc_power_supply,transient.initiate,트랜지언트 트리거 대기 시작,trigger,execute,INIT:TRAN,,,medium,,profile_source_confirmed,[],lab_visa_pmx35_profile,
kikusui_pmx35_3a,Kikusui,PMX-A,dc_power_supply,operation.abort,진행 중 동작 중단,system,execute,ABOR,,,medium,,profile_source_confirmed,[],lab_visa_pmx35_profile,
rs_smb100a,Rohde & Schwarz,SMB100A,rf_signal_generator,system.reset,초기화,system,execute,*RST,,,medium,,source_code_confirmed,[],qcodes_contrib_smb100a,
rs_smb100a,Rohde & Schwarz,SMB100A,rf_signal_generator,system.self_test,자기진단,system,query,*TST?,integer,,medium,,source_code_confirmed,[],qcodes_contrib_smb100a,
rs_smb100a,Rohde & Schwarz,SMB100A,rf_signal_generator,source.frequency,RF 주파수,source,set,SOUR:FREQ {value},,Hz,medium,,source_code_confirmed,"[{""maximum"":20000000000.0,""minimum"":100000.0,""name"":""value"",""type"":""float"",""unit"":""Hz""}]",qcodes_contrib_smb100a,드라이버 범위이며 주파수 옵션별 실제 상한 확인 필요.
rs_smb100a,Rohde & Schwarz,SMB100A,rf_signal_generator,source.frequency,RF 주파수,source,query,SOUR:FREQ?,float,Hz,medium,,source_code_confirmed,"[{""maximum"":20000000000.0,""minimum"":100000.0,""name"":""value"",""type"":""float"",""unit"":""Hz""}]",qcodes_contrib_smb100a,드라이버 범위이며 주파수 옵션별 실제 상한 확인 필요.
rs_smb100a,Rohde & Schwarz,SMB100A,rf_signal_generator,source.phase,RF 위상,source,set,SOUR:PHAS {value},,deg,low,,source_code_confirmed,"[{""maximum"":360,""minimum"":0,""name"":""value"",""type"":""float"",""unit"":""deg""}]",qcodes_contrib_smb100a,
rs_smb100a,Rohde & Schwarz,SMB100A,rf_signal_generator,source.phase,RF 위상,source,query,SOUR:PHAS?,float,deg,low,,source_code_confirmed,"[{""maximum"":360,""minimum"":0,""name"":""value"",""type"":""float"",""unit"":""deg""}]",qcodes_contrib_smb100a,
rs_smb100a,Rohde & Schwarz,SMB100A,rf_signal_generator,source.power,RF 출력 레벨,source,set,SOUR:POW {value},,dBm,high,,source_code_confirmed,"[{""maximum"":30,""minimum"":-120,""name"":""value"",""type"":""float"",""unit"":""dBm""}]",qcodes_contrib_smb100a,주파수·옵션별 실제 출력 범위 확인 필요.
rs_smb100a,Rohde & Schwarz,SMB100A,rf_signal_generator,source.power,RF 출력 레벨,source,query,SOUR:POW?,float,dBm,high,,source_code_confirmed,"[{""maximum"":30,""minimum"":-120,""name"":""value"",""type"":""float"",""unit"":""dBm""}]",qcodes_contrib_smb100a,주파수·옵션별 실제 출력 범위 확인 필요.
rs_smb100a,Rohde & Schwarz,SMB100A,rf_signal_generator,rf.output.state,RF 출력 ON/OFF,output,set,:OUTP:STAT {state},,,high,,source_code_confirmed,"[{""mapping"":{""false"":""0"",""true"":""1""},""name"":""state"",""type"":""boolean""}]",qcodes_contrib_smb100a,
rs_smb100a,Rohde & Schwarz,SMB100A,rf_signal_generator,rf.output.state,RF 출력 ON/OFF,output,query,:OUTP:STAT?,boolean,,high,,source_code_confirmed,"[{""mapping"":{""false"":""0"",""true"":""1""},""name"":""state"",""type"":""boolean""}]",qcodes_contrib_smb100a,
rs_smb100a,Rohde & Schwarz,SMB100A,rf_signal_generator,modulation.pulse.state,펄스 변조 ON/OFF,modulation,set,:SOUR:PULM:STAT {state},,,medium,,source_code_confirmed,"[{""mapping"":{""false"":""0"",""true"":""1""},""name"":""state"",""type"":""boolean""}]",qcodes_contrib_smb100a,
rs_smb100a,Rohde & Schwarz,SMB100A,rf_signal_generator,modulation.pulse.state,펄스 변조 ON/OFF,modulation,query,:SOUR:PULM:STAT?,boolean,,medium,,source_code_confirmed,"[{""mapping"":{""false"":""0"",""true"":""1""},""name"":""state"",""type"":""boolean""}]",qcodes_contrib_smb100a,
rs_smb100a,Rohde & Schwarz,SMB100A,rf_signal_generator,sweep.frequency.start,스윕 시작 주파수,sweep,set,FREQ:START {value} Hz,,Hz,low,,source_code_confirmed,"[{""maximum"":20000000000.0,""minimum"":100000.0,""name"":""value"",""type"":""float"",""unit"":""Hz""}]",qcodes_contrib_smb100a,
rs_smb100a,Rohde & Schwarz,SMB100A,rf_signal_generator,sweep.frequency.start,스윕 시작 주파수,sweep,query,FREQ:START?,float,Hz,low,,source_code_confirmed,"[{""maximum"":20000000000.0,""minimum"":100000.0,""name"":""value"",""type"":""float"",""unit"":""Hz""}]",qcodes_contrib_smb100a,
rs_smb100a,Rohde & Schwarz,SMB100A,rf_signal_generator,sweep.frequency.stop,스윕 종료 주파수,sweep,set,FREQ:STOP {value} Hz,,Hz,low,,source_code_confirmed,"[{""maximum"":20000000000.0,""minimum"":100000.0,""name"":""value"",""type"":""float"",""unit"":""Hz""}]",qcodes_contrib_smb100a,
rs_smb100a,Rohde & Schwarz,SMB100A,rf_signal_generator,sweep.frequency.stop,스윕 종료 주파수,sweep,query,FREQ:STOP?,float,Hz,low,,source_code_confirmed,"[{""maximum"":20000000000.0,""minimum"":100000.0,""name"":""value"",""type"":""float"",""unit"":""Hz""}]",qcodes_contrib_smb100a,
rs_smb100a,Rohde & Schwarz,SMB100A,rf_signal_generator,sweep.frequency.step,스윕 주파수 간격,sweep,set,SWE:STEP {value} Hz,,Hz,low,,source_code_confirmed,"[{""maximum"":20000000000.0,""minimum"":100000.0,""name"":""value"",""type"":""float"",""unit"":""Hz""}]",qcodes_contrib_smb100a,
rs_smb100a,Rohde & Schwarz,SMB100A,rf_signal_generator,sweep.frequency.step,스윕 주파수 간격,sweep,query,SWE:STEP?,float,Hz,low,,source_code_confirmed,"[{""maximum"":20000000000.0,""minimum"":100000.0,""name"":""value"",""type"":""float"",""unit"":""Hz""}]",qcodes_contrib_smb100a,
rs_smb100a,Rohde & Schwarz,SMB100A,rf_signal_generator,sweep.points,스윕 포인트 수,sweep,set,SWE:POIN {value},,,low,,source_code_confirmed,"[{""minimum"":2,""name"":""value"",""type"":""integer""}]",qcodes_contrib_smb100a,
rs_smb100a,Rohde & Schwarz,SMB100A,rf_signal_generator,sweep.points,스윕 포인트 수,sweep,query,SWE:POIN?,integer,,low,,source_code_confirmed,"[{""minimum"":2,""name"":""value"",""type"":""integer""}]",qcodes_contrib_smb100a,
rs_smb100a,Rohde & Schwarz,SMB100A,rf_signal_generator,sweep.dwell,스윕 포인트 체류시간,sweep,set,SWE:DWEL {value} s,,s,low,,source_code_confirmed,"[{""maximum"":1000,""minimum"":0.005,""name"":""value"",""type"":""float"",""unit"":""s""}]",qcodes_contrib_smb100a,
rs_smb100a,Rohde & Schwarz,SMB100A,rf_signal_generator,sweep.dwell,스윕 포인트 체류시간,sweep,query,SWE:DWEL?,float,s,low,,source_code_confirmed,"[{""maximum"":1000,""minimum"":0.005,""name"":""value"",""type"":""float"",""unit"":""s""}]",qcodes_contrib_smb100a,
rs_smb100a,Rohde & Schwarz,SMB100A,rf_signal_generator,source.frequency.mode,주파수 모드,source,set,SOUR:FREQ:MODE {mode},,,low,,source_code_confirmed,"[{""choices"":[""CW"",""SWE""],""name"":""mode"",""type"":""enum""}]",qcodes_contrib_smb100a,
rs_smb100a,Rohde & Schwarz,SMB100A,rf_signal_generator,source.frequency.mode,주파수 모드,source,query,SOUR:FREQ:MODE?,string,,low,,source_code_confirmed,"[{""choices"":[""CW"",""SWE""],""name"":""mode"",""type"":""enum""}]",qcodes_contrib_smb100a,
rs_smb100a,Rohde & Schwarz,SMB100A,rf_signal_generator,sweep.trigger_source,스윕 트리거 소스,trigger,set,TRIG:FSW:SOUR {source},,,low,,source_code_confirmed,"[{""choices"":[""AUTO"",""SING""],""name"":""source"",""type"":""enum""}]",qcodes_contrib_smb100a,
rs_smb100a,Rohde & Schwarz,SMB100A,rf_signal_generator,sweep.trigger_source,스윕 트리거 소스,trigger,query,TRIG:FSW:SOUR?,string,,low,,source_code_confirmed,"[{""choices"":[""AUTO"",""SING""],""name"":""source"",""type"":""enum""}]",qcodes_contrib_smb100a,
rs_smb100a,Rohde & Schwarz,SMB100A,rf_signal_generator,trigger.force,버스 트리거,trigger,execute,*TRG,,,medium,,source_code_confirmed,[],qcodes_contrib_smb100a,
rs_fsl,Rohde & Schwarz,FSL,spectrum_analyzer,analyzer.frequency.span,주파수 Span,frequency,set,FREQ:SPAN {value},,Hz,low,,source_code_confirmed,"[{""name"":""value"",""type"":""float"",""unit"":""Hz""}]",pymeasure_rs_fsseries,
rs_fsl,Rohde & Schwarz,FSL,spectrum_analyzer,analyzer.frequency.span,주파수 Span,frequency,query,FREQ:SPAN?,float,Hz,low,,source_code_confirmed,"[{""name"":""value"",""type"":""float"",""unit"":""Hz""}]",pymeasure_rs_fsseries,
rs_fsl,Rohde & Schwarz,FSL,spectrum_analyzer,analyzer.frequency.center,중심 주파수,frequency,set,FREQ:CENT {value},,Hz,low,,source_code_confirmed,"[{""name"":""value"",""type"":""float"",""unit"":""Hz""}]",pymeasure_rs_fsseries,
rs_fsl,Rohde & Schwarz,FSL,spectrum_analyzer,analyzer.frequency.center,중심 주파수,frequency,query,FREQ:CENT?,float,Hz,low,,source_code_confirmed,"[{""name"":""value"",""type"":""float"",""unit"":""Hz""}]",pymeasure_rs_fsseries,
rs_fsl,Rohde & Schwarz,FSL,spectrum_analyzer,analyzer.frequency.start,시작 주파수,frequency,set,FREQ:STAR {value},,Hz,low,,source_code_confirmed,"[{""name"":""value"",""type"":""float"",""unit"":""Hz""}]",pymeasure_rs_fsseries,
rs_fsl,Rohde & Schwarz,FSL,spectrum_analyzer,analyzer.frequency.start,시작 주파수,frequency,query,FREQ:STAR?,float,Hz,low,,source_code_confirmed,"[{""name"":""value"",""type"":""float"",""unit"":""Hz""}]",pymeasure_rs_fsseries,
rs_fsl,Rohde & Schwarz,FSL,spectrum_analyzer,analyzer.frequency.stop,종료 주파수,frequency,set,FREQ:STOP {value},,Hz,low,,source_code_confirmed,"[{""name"":""value"",""type"":""float"",""unit"":""Hz""}]",pymeasure_rs_fsseries,
rs_fsl,Rohde & Schwarz,FSL,spectrum_analyzer,analyzer.frequency.stop,종료 주파수,frequency,query,FREQ:STOP?,float,Hz,low,,source_code_confirmed,"[{""name"":""value"",""type"":""float"",""unit"":""Hz""}]",pymeasure_rs_fsseries,
rs_fsl,Rohde & Schwarz,FSL,spectrum_analyzer,analyzer.input.attenuation,입력 감쇠,input,set,INP:ATT {value},,dB,low,,source_code_confirmed,"[{""name"":""value"",""type"":""float"",""unit"":""dB""}]",pymeasure_rs_fsseries,
rs_fsl,Rohde & Schwarz,FSL,spectrum_analyzer,analyzer.input.attenuation,입력 감쇠,input,query,INP:ATT?,float,dB,low,,source_code_confirmed,"[{""name"":""value"",""type"":""float"",""unit"":""dB""}]",pymeasure_rs_fsseries,
rs_fsl,Rohde & Schwarz,FSL,spectrum_analyzer,analyzer.rbw,분해능 대역폭 RBW,bandwidth,set,BAND:RES {value},,Hz,low,,source_code_confirmed,"[{""name"":""value"",""type"":""number_or_auto"",""unit"":""Hz""}]",pymeasure_rs_fsseries,
rs_fsl,Rohde & Schwarz,FSL,spectrum_analyzer,analyzer.rbw,분해능 대역폭 RBW,bandwidth,query,BAND:RES?,float,Hz,low,,source_code_confirmed,"[{""name"":""value"",""type"":""number_or_auto"",""unit"":""Hz""}]",pymeasure_rs_fsseries,
rs_fsl,Rohde & Schwarz,FSL,spectrum_analyzer,analyzer.vbw,비디오 대역폭 VBW,bandwidth,set,BAND:VID {value},,Hz,low,,source_code_confirmed,"[{""name"":""value"",""type"":""number_or_auto"",""unit"":""Hz""}]",pymeasure_rs_fsseries,
rs_fsl,Rohde & Schwarz,FSL,spectrum_analyzer,analyzer.vbw,비디오 대역폭 VBW,bandwidth,query,BAND:VID?,float,Hz,low,,source_code_confirmed,"[{""name"":""value"",""type"":""number_or_auto"",""unit"":""Hz""}]",pymeasure_rs_fsseries,
rs_fsl,Rohde & Schwarz,FSL,spectrum_analyzer,sweep.time,스윕 시간,sweep,set,SWE:TIME {value},,s,low,,source_code_confirmed,"[{""name"":""value"",""type"":""number_or_auto"",""unit"":""s""}]",pymeasure_rs_fsseries,
rs_fsl,Rohde & Schwarz,FSL,spectrum_analyzer,sweep.time,스윕 시간,sweep,query,SWE:TIME?,float,s,low,,source_code_confirmed,"[{""name"":""value"",""type"":""number_or_auto"",""unit"":""s""}]",pymeasure_rs_fsseries,
rs_fsl,Rohde & Schwarz,FSL,spectrum_analyzer,sweep.continuous,연속 스윕,sweep,set,INIT:CONT {state},,,low,,source_code_confirmed,"[{""mapping"":{""false"":""0"",""true"":""1""},""name"":""state"",""type"":""boolean""}]",pymeasure_rs_fsseries,
rs_fsl,Rohde & Schwarz,FSL,spectrum_analyzer,sweep.continuous,연속 스윕,sweep,query,INIT:CONT?,boolean,,low,,source_code_confirmed,"[{""mapping"":{""false"":""0"",""true"":""1""},""name"":""state"",""type"":""boolean""}]",pymeasure_rs_fsseries,
rs_fsl,Rohde & Schwarz,FSL,spectrum_analyzer,sweep.single,단일 스윕 및 완료 대기,sweep,execute,INIT; *WAI,,,low,,source_code_confirmed,[],pymeasure_rs_fsseries,
rs_fsl,Rohde & Schwarz,FSL,spectrum_analyzer,sweep.continue_single,단일 스윕 계속,sweep,execute,INIT:CONM; *WAI,,,low,,source_code_confirmed,[],pymeasure_rs_fsseries,
rs_fsl,Rohde & Schwarz,FSL,spectrum_analyzer,trace.mode,트레이스 모드,trace,set,DISP:TRAC:MODE {mode},,,low,,source_code_confirmed,"[{""choices"":[""WRIT"",""MAXH"",""MINH"",""AVER"",""VIEW""],""name"":""mode"",""type"":""enum""}]",pymeasure_rs_fsseries,
rs_fsl,Rohde & Schwarz,FSL,spectrum_analyzer,trace.mode,트레이스 모드,trace,query,DISP:TRAC:MODE?,string,,low,,source_code_confirmed,"[{""choices"":[""WRIT"",""MAXH"",""MINH"",""AVER"",""VIEW""],""name"":""mode"",""type"":""enum""}]",pymeasure_rs_fsseries,
rs_fsl,Rohde & Schwarz,FSL,spectrum_analyzer,marker.state,마커 ON/OFF,marker,set,CALC:MARK{marker}:STAT {state},,,low,marker,source_code_confirmed,"[{""maximum"":4,""minimum"":1,""name"":""marker"",""type"":""integer""},{""mapping"":{""false"":""OFF"",""true"":""ON""},""name"":""state"",""type"":""boolean""}]",pymeasure_rs_fsseries,
rs_fsl,Rohde & Schwarz,FSL,spectrum_analyzer,marker.frequency,마커 주파수,marker,set,CALC:MARK{marker}:X {value},,Hz,low,marker,source_code_confirmed,"[{""maximum"":4,""minimum"":1,""name"":""marker"",""type"":""integer""},{""name"":""value"",""type"":""float"",""unit"":""Hz""}]",pymeasure_rs_fsseries,
rs_fsl,Rohde & Schwarz,FSL,spectrum_analyzer,marker.frequency,마커 주파수,marker,query,CALC:MARK{marker}:X?,float,Hz,low,marker,source_code_confirmed,"[{""maximum"":4,""minimum"":1,""name"":""marker"",""type"":""integer""},{""name"":""value"",""type"":""float"",""unit"":""Hz""}]",pymeasure_rs_fsseries,
rs_fsl,Rohde & Schwarz,FSL,spectrum_analyzer,marker.amplitude,마커 레벨,marker,query,CALC:MARK{marker}:Y?,float,dBm,low,marker,source_code_confirmed,"[{""maximum"":4,""minimum"":1,""name"":""marker"",""type"":""integer""}]",pymeasure_rs_fsseries,
rs_fsl,Rohde & Schwarz,FSL,spectrum_analyzer,marker.peak_excursion,Peak excursion,marker,set,CALC:MARK{marker}:PEXC {value},,dB,low,marker,source_code_confirmed,"[{""maximum"":4,""minimum"":1,""name"":""marker"",""type"":""integer""},{""name"":""value"",""type"":""float"",""unit"":""dB""}]",pymeasure_rs_fsseries,
rs_fsl,Rohde & Schwarz,FSL,spectrum_analyzer,marker.peak_excursion,Peak excursion,marker,query,CALC:MARK{marker}:PEXC?,float,dB,low,marker,source_code_confirmed,"[{""maximum"":4,""minimum"":1,""name"":""marker"",""type"":""integer""},{""name"":""value"",""type"":""float"",""unit"":""dB""}]",pymeasure_rs_fsseries,
rs_fsl,Rohde & Schwarz,FSL,spectrum_analyzer,marker.assign_trace,마커-트레이스 연결,marker,execute,CALC:MARK{marker}:TRAC {trace},,,low,marker_trace,source_code_confirmed,"[{""maximum"":4,""minimum"":1,""name"":""marker"",""type"":""integer""},{""maximum"":6,""minimum"":1,""name"":""trace"",""type"":""integer""}]",pymeasure_rs_fsseries,
rs_fsl,Rohde & Schwarz,FSL,spectrum_analyzer,marker.peak_search,최대 Peak 탐색,marker,execute,CALC:MARK{marker}:MAX,,,low,marker,source_code_confirmed,"[{""maximum"":4,""minimum"":1,""name"":""marker"",""type"":""integer""}]",pymeasure_rs_fsseries,
rs_fsl,Rohde & Schwarz,FSL,spectrum_analyzer,marker.next_peak,다음 Peak 탐색,marker,execute,CALC:MARK{marker}:MAX:{direction},,,low,marker,source_code_confirmed,"[{""maximum"":4,""minimum"":1,""name"":""marker"",""type"":""integer""},{""choices"":[""LEFT"",""RIGHT""],""name"":""direction"",""type"":""enum""}]",pymeasure_rs_fsseries,
rs_fsl,Rohde & Schwarz,FSL,spectrum_analyzer,trace.read,트레이스 데이터 읽기,trace,query,TRAC{trace}? TRACE{trace},float_array,,low,trace,source_code_confirmed,"[{""maximum"":6,""minimum"":1,""name"":""trace"",""type"":""integer""}]",pymeasure_rs_fsseries,드라이버 구현을 보존. 일부 펌웨어는 TRAC:DATA? 계열일 수 있어 공식 매뉴얼 대조 필요.
rs_fsw,Rohde & Schwarz,FSW,signal_and_spectrum_analyzer,analyzer.frequency.span,주파수 Span,frequency,set,FREQ:SPAN {value},,Hz,low,,source_code_confirmed,"[{""name"":""value"",""type"":""float"",""unit"":""Hz""}]",pymeasure_rs_fsseries,
rs_fsw,Rohde & Schwarz,FSW,signal_and_spectrum_analyzer,analyzer.frequency.span,주파수 Span,frequency,query,FREQ:SPAN?,float,Hz,low,,source_code_confirmed,"[{""name"":""value"",""type"":""float"",""unit"":""Hz""}]",pymeasure_rs_fsseries,
rs_fsw,Rohde & Schwarz,FSW,signal_and_spectrum_analyzer,analyzer.frequency.center,중심 주파수,frequency,set,FREQ:CENT {value},,Hz,low,,source_code_confirmed,"[{""name"":""value"",""type"":""float"",""unit"":""Hz""}]",pymeasure_rs_fsseries,
rs_fsw,Rohde & Schwarz,FSW,signal_and_spectrum_analyzer,analyzer.frequency.center,중심 주파수,frequency,query,FREQ:CENT?,float,Hz,low,,source_code_confirmed,"[{""name"":""value"",""type"":""float"",""unit"":""Hz""}]",pymeasure_rs_fsseries,
rs_fsw,Rohde & Schwarz,FSW,signal_and_spectrum_analyzer,analyzer.frequency.start,시작 주파수,frequency,set,FREQ:STAR {value},,Hz,low,,source_code_confirmed,"[{""name"":""value"",""type"":""float"",""unit"":""Hz""}]",pymeasure_rs_fsseries,
rs_fsw,Rohde & Schwarz,FSW,signal_and_spectrum_analyzer,analyzer.frequency.start,시작 주파수,frequency,query,FREQ:STAR?,float,Hz,low,,source_code_confirmed,"[{""name"":""value"",""type"":""float"",""unit"":""Hz""}]",pymeasure_rs_fsseries,
rs_fsw,Rohde & Schwarz,FSW,signal_and_spectrum_analyzer,analyzer.frequency.stop,종료 주파수,frequency,set,FREQ:STOP {value},,Hz,low,,source_code_confirmed,"[{""name"":""value"",""type"":""float"",""unit"":""Hz""}]",pymeasure_rs_fsseries,
rs_fsw,Rohde & Schwarz,FSW,signal_and_spectrum_analyzer,analyzer.frequency.stop,종료 주파수,frequency,query,FREQ:STOP?,float,Hz,low,,source_code_confirmed,"[{""name"":""value"",""type"":""float"",""unit"":""Hz""}]",pymeasure_rs_fsseries,
rs_fsw,Rohde & Schwarz,FSW,signal_and_spectrum_analyzer,analyzer.input.attenuation,입력 감쇠,input,set,INP:ATT {value},,dB,low,,source_code_confirmed,"[{""name"":""value"",""type"":""float"",""unit"":""dB""}]",pymeasure_rs_fsseries,
rs_fsw,Rohde & Schwarz,FSW,signal_and_spectrum_analyzer,analyzer.input.attenuation,입력 감쇠,input,query,INP:ATT?,float,dB,low,,source_code_confirmed,"[{""name"":""value"",""type"":""float"",""unit"":""dB""}]",pymeasure_rs_fsseries,
rs_fsw,Rohde & Schwarz,FSW,signal_and_spectrum_analyzer,analyzer.rbw,분해능 대역폭 RBW,bandwidth,set,BAND:RES {value},,Hz,low,,source_code_confirmed,"[{""name"":""value"",""type"":""number_or_auto"",""unit"":""Hz""}]",pymeasure_rs_fsseries,
rs_fsw,Rohde & Schwarz,FSW,signal_and_spectrum_analyzer,analyzer.rbw,분해능 대역폭 RBW,bandwidth,query,BAND:RES?,float,Hz,low,,source_code_confirmed,"[{""name"":""value"",""type"":""number_or_auto"",""unit"":""Hz""}]",pymeasure_rs_fsseries,
rs_fsw,Rohde & Schwarz,FSW,signal_and_spectrum_analyzer,analyzer.vbw,비디오 대역폭 VBW,bandwidth,set,BAND:VID {value},,Hz,low,,source_code_confirmed,"[{""name"":""value"",""type"":""number_or_auto"",""unit"":""Hz""}]",pymeasure_rs_fsseries,
rs_fsw,Rohde & Schwarz,FSW,signal_and_spectrum_analyzer,analyzer.vbw,비디오 대역폭 VBW,bandwidth,query,BAND:VID?,float,Hz,low,,source_code_confirmed,"[{""name"":""value"",""type"":""number_or_auto"",""unit"":""Hz""}]",pymeasure_rs_fsseries,
rs_fsw,Rohde & Schwarz,FSW,signal_and_spectrum_analyzer,sweep.time,스윕 시간,sweep,set,SWE:TIME {value},,s,low,,source_code_confirmed,"[{""name"":""value"",""type"":""number_or_auto"",""unit"":""s""}]",pymeasure_rs_fsseries,
rs_fsw,Rohde & Schwarz,FSW,signal_and_spectrum_analyzer,sweep.time,스윕 시간,sweep,query,SWE:TIME?,float,s,low,,source_code_confirmed,"[{""name"":""value"",""type"":""number_or_auto"",""unit"":""s""}]",pymeasure_rs_fsseries,
rs_fsw,Rohde & Schwarz,FSW,signal_and_spectrum_analyzer,sweep.continuous,연속 스윕,sweep,set,INIT:CONT {state},,,low,,source_code_confirmed,"[{""mapping"":{""false"":""0"",""true"":""1""},""name"":""state"",""type"":""boolean""}]",pymeasure_rs_fsseries,
rs_fsw,Rohde & Schwarz,FSW,signal_and_spectrum_analyzer,sweep.continuous,연속 스윕,sweep,query,INIT:CONT?,boolean,,low,,source_code_confirmed,"[{""mapping"":{""false"":""0"",""true"":""1""},""name"":""state"",""type"":""boolean""}]",pymeasure_rs_fsseries,
rs_fsw,Rohde & Schwarz,FSW,signal_and_spectrum_analyzer,sweep.single,단일 스윕 및 완료 대기,sweep,execute,INIT; *WAI,,,low,,source_code_confirmed,[],pymeasure_rs_fsseries,
rs_fsw,Rohde & Schwarz,FSW,signal_and_spectrum_analyzer,sweep.continue_single,단일 스윕 계속,sweep,execute,INIT:CONM; *WAI,,,low,,source_code_confirmed,[],pymeasure_rs_fsseries,
rs_fsw,Rohde & Schwarz,FSW,signal_and_spectrum_analyzer,trace.mode,트레이스 모드,trace,set,DISP:TRAC:MODE {mode},,,low,,source_code_confirmed,"[{""choices"":[""WRIT"",""MAXH"",""MINH"",""AVER"",""VIEW""],""name"":""mode"",""type"":""enum""}]",pymeasure_rs_fsseries,
rs_fsw,Rohde & Schwarz,FSW,signal_and_spectrum_analyzer,trace.mode,트레이스 모드,trace,query,DISP:TRAC:MODE?,string,,low,,source_code_confirmed,"[{""choices"":[""WRIT"",""MAXH"",""MINH"",""AVER"",""VIEW""],""name"":""mode"",""type"":""enum""}]",pymeasure_rs_fsseries,
rs_fsw,Rohde & Schwarz,FSW,signal_and_spectrum_analyzer,marker.state,마커 ON/OFF,marker,set,CALC:MARK{marker}:STAT {state},,,low,marker,source_code_confirmed,"[{""maximum"":4,""minimum"":1,""name"":""marker"",""type"":""integer""},{""mapping"":{""false"":""OFF"",""true"":""ON""},""name"":""state"",""type"":""boolean""}]",pymeasure_rs_fsseries,
rs_fsw,Rohde & Schwarz,FSW,signal_and_spectrum_analyzer,marker.frequency,마커 주파수,marker,set,CALC:MARK{marker}:X {value},,Hz,low,marker,source_code_confirmed,"[{""maximum"":4,""minimum"":1,""name"":""marker"",""type"":""integer""},{""name"":""value"",""type"":""float"",""unit"":""Hz""}]",pymeasure_rs_fsseries,
rs_fsw,Rohde & Schwarz,FSW,signal_and_spectrum_analyzer,marker.frequency,마커 주파수,marker,query,CALC:MARK{marker}:X?,float,Hz,low,marker,source_code_confirmed,"[{""maximum"":4,""minimum"":1,""name"":""marker"",""type"":""integer""},{""name"":""value"",""type"":""float"",""unit"":""Hz""}]",pymeasure_rs_fsseries,
rs_fsw,Rohde & Schwarz,FSW,signal_and_spectrum_analyzer,marker.amplitude,마커 레벨,marker,query,CALC:MARK{marker}:Y?,float,dBm,low,marker,source_code_confirmed,"[{""maximum"":4,""minimum"":1,""name"":""marker"",""type"":""integer""}]",pymeasure_rs_fsseries,
rs_fsw,Rohde & Schwarz,FSW,signal_and_spectrum_analyzer,marker.peak_excursion,Peak excursion,marker,set,CALC:MARK{marker}:PEXC {value},,dB,low,marker,source_code_confirmed,"[{""maximum"":4,""minimum"":1,""name"":""marker"",""type"":""integer""},{""name"":""value"",""type"":""float"",""unit"":""dB""}]",pymeasure_rs_fsseries,
rs_fsw,Rohde & Schwarz,FSW,signal_and_spectrum_analyzer,marker.peak_excursion,Peak excursion,marker,query,CALC:MARK{marker}:PEXC?,float,dB,low,marker,source_code_confirmed,"[{""maximum"":4,""minimum"":1,""name"":""marker"",""type"":""integer""},{""name"":""value"",""type"":""float"",""unit"":""dB""}]",pymeasure_rs_fsseries,
rs_fsw,Rohde & Schwarz,FSW,signal_and_spectrum_analyzer,marker.assign_trace,마커-트레이스 연결,marker,execute,CALC:MARK{marker}:TRAC {trace},,,low,marker_trace,source_code_confirmed,"[{""maximum"":4,""minimum"":1,""name"":""marker"",""type"":""integer""},{""maximum"":6,""minimum"":1,""name"":""trace"",""type"":""integer""}]",pymeasure_rs_fsseries,
rs_fsw,Rohde & Schwarz,FSW,signal_and_spectrum_analyzer,marker.peak_search,최대 Peak 탐색,marker,execute,CALC:MARK{marker}:MAX,,,low,marker,source_code_confirmed,"[{""maximum"":4,""minimum"":1,""name"":""marker"",""type"":""integer""}]",pymeasure_rs_fsseries,
rs_fsw,Rohde & Schwarz,FSW,signal_and_spectrum_analyzer,marker.next_peak,다음 Peak 탐색,marker,execute,CALC:MARK{marker}:MAX:{direction},,,low,marker,source_code_confirmed,"[{""maximum"":4,""minimum"":1,""name"":""marker"",""type"":""integer""},{""choices"":[""LEFT"",""RIGHT""],""name"":""direction"",""type"":""enum""}]",pymeasure_rs_fsseries,
rs_fsw,Rohde & Schwarz,FSW,signal_and_spectrum_analyzer,trace.read,활성 트레이스 데이터 읽기,trace,query,TRAC{trace}? TRACE{trace},float_array,,low,trace,source_code_confirmed,"[{""maximum"":6,""minimum"":1,""name"":""trace"",""type"":""integer""}]",pymeasure_rs_fsseries,
rs_fsw,Rohde & Schwarz,FSW,signal_and_spectrum_analyzer,analyzer.auto.all,전체 자동 조정,analyzer,execute,:ADJ:ALL,,,medium,,source_code_confirmed,[],pymeasure_rs_fsseries,
rs_fsw,Rohde & Schwarz,FSW,signal_and_spectrum_analyzer,analyzer.auto.frequency,중심주파수 자동 조정,analyzer,execute,:ADJ:FREQ,,,low,,source_code_confirmed,[],pymeasure_rs_fsseries,
rs_fsw,Rohde & Schwarz,FSW,signal_and_spectrum_analyzer,analyzer.auto.level,기준레벨 자동 조정,analyzer,execute,:ADJ:LEV,,,low,,source_code_confirmed,[],pymeasure_rs_fsseries,
rs_fsw,Rohde & Schwarz,FSW,signal_and_spectrum_analyzer,application.channel.list,측정 채널 목록,application,query,INST:LIST?,string_array,,low,,source_code_confirmed,[],pymeasure_rs_fsseries,
rs_fsw,Rohde & Schwarz,FSW,signal_and_spectrum_analyzer,application.channel.create,측정 채널 생성,application,execute,"INST:CRE:NEW {channel_type}, '{channel_name}'",,,medium,,source_code_confirmed,"[{""choices"":[""PNOISE"",""SANALYZER""],""name"":""channel_type"",""type"":""enum""},{""name"":""channel_name"",""type"":""string""}]",pymeasure_rs_fsseries,
rs_fsw,Rohde & Schwarz,FSW,signal_and_spectrum_analyzer,application.channel.delete,측정 채널 삭제,application,execute,INST:DEL '{channel_name}',,,medium,,source_code_confirmed,"[{""name"":""channel_name"",""type"":""string""}]",pymeasure_rs_fsseries,
rs_fsw,Rohde & Schwarz,FSW,signal_and_spectrum_analyzer,application.channel.select,측정 채널 선택,application,execute,INST:SEL '{channel_name}',,,low,,source_code_confirmed,"[{""name"":""channel_name"",""type"":""string""}]",pymeasure_rs_fsseries,
rs_fsv_fsva,Rohde & Schwarz,FSV/FSVA legacy (FW 3.60),signal_and_spectrum_analyzer,analyzer.frequency.center,중심 주파수,frequency,set,:FREQ:CENT {value},,Hz,low,,source_code_confirmed,"[{""maximum"":44000000000.0,""minimum"":1000000.0,""name"":""value"",""type"":""float"",""unit"":""Hz""}]",qcodes_contrib_rs_fsv3013,드라이버 범위; 모델 옵션별 실제 상한 확인.
rs_fsv_fsva,Rohde & Schwarz,FSV/FSVA legacy (FW 3.60),signal_and_spectrum_analyzer,analyzer.frequency.center,중심 주파수,frequency,query,:FREQ:CENT?,float,Hz,low,,source_code_confirmed,"[{""maximum"":44000000000.0,""minimum"":1000000.0,""name"":""value"",""type"":""float"",""unit"":""Hz""}]",qcodes_contrib_rs_fsv3013,드라이버 범위; 모델 옵션별 실제 상한 확인.
rs_fsv_fsva,Rohde & Schwarz,FSV/FSVA legacy (FW 3.60),signal_and_spectrum_analyzer,analyzer.frequency.span,주파수 Span,frequency,set,:FREQ:SPAN {value},,Hz,low,,source_code_confirmed,"[{""maximum"":3200000000.0,""minimum"":1000.0,""name"":""value"",""type"":""float"",""unit"":""Hz""}]",qcodes_contrib_rs_fsv3013,
rs_fsv_fsva,Rohde & Schwarz,FSV/FSVA legacy (FW 3.60),signal_and_spectrum_analyzer,analyzer.frequency.span,주파수 Span,frequency,query,:FREQ:SPAN?,float,Hz,low,,source_code_confirmed,"[{""maximum"":3200000000.0,""minimum"":1000.0,""name"":""value"",""type"":""float"",""unit"":""Hz""}]",qcodes_contrib_rs_fsv3013,
rs_fsv_fsva,Rohde & Schwarz,FSV/FSVA legacy (FW 3.60),signal_and_spectrum_analyzer,display.reference_level,기준 레벨,display,set,:DISP:WIND:TRAC:Y:SCAL:RLEV {value},,dBm,low,,source_code_confirmed,"[{""maximum"":30,""minimum"":-120,""name"":""value"",""type"":""float"",""unit"":""dBm""}]",qcodes_contrib_rs_fsv3013,
rs_fsv_fsva,Rohde & Schwarz,FSV/FSVA legacy (FW 3.60),signal_and_spectrum_analyzer,display.reference_level,기준 레벨,display,query,:DISP:WIND:TRAC:Y:SCAL:RLEV?,float,dBm,low,,source_code_confirmed,"[{""maximum"":30,""minimum"":-120,""name"":""value"",""type"":""float"",""unit"":""dBm""}]",qcodes_contrib_rs_fsv3013,
rs_fsv_fsva,Rohde & Schwarz,FSV/FSVA legacy (FW 3.60),signal_and_spectrum_analyzer,analyzer.rbw,RBW,bandwidth,set,:BAND:RES {value},,Hz,low,,source_code_confirmed,"[{""maximum"":10000000.0,""minimum"":1,""name"":""value"",""type"":""float"",""unit"":""Hz""}]",qcodes_contrib_rs_fsv3013,
rs_fsv_fsva,Rohde & Schwarz,FSV/FSVA legacy (FW 3.60),signal_and_spectrum_analyzer,analyzer.rbw,RBW,bandwidth,query,:BAND:RES?,float,Hz,low,,source_code_confirmed,"[{""maximum"":10000000.0,""minimum"":1,""name"":""value"",""type"":""float"",""unit"":""Hz""}]",qcodes_contrib_rs_fsv3013,
rs_fsv_fsva,Rohde & Schwarz,FSV/FSVA legacy (FW 3.60),signal_and_spectrum_analyzer,analyzer.vbw,VBW,bandwidth,set,:BAND:VID {value},,Hz,low,,source_code_confirmed,"[{""maximum"":10000000.0,""minimum"":1,""name"":""value"",""type"":""float"",""unit"":""Hz""}]",qcodes_contrib_rs_fsv3013,
rs_fsv_fsva,Rohde & Schwarz,FSV/FSVA legacy (FW 3.60),signal_and_spectrum_analyzer,analyzer.vbw,VBW,bandwidth,query,:BAND:VID?,float,Hz,low,,source_code_confirmed,"[{""maximum"":10000000.0,""minimum"":1,""name"":""value"",""type"":""float"",""unit"":""Hz""}]",qcodes_contrib_rs_fsv3013,
rs_fsv_fsva,Rohde & Schwarz,FSV/FSVA legacy (FW 3.60),signal_and_spectrum_analyzer,sweep.time,스윕 시간,sweep,set,:SWE:TIME {value},,s,low,,source_code_confirmed,"[{""maximum"":10000,""minimum"":1e-06,""name"":""value"",""type"":""float"",""unit"":""s""}]",qcodes_contrib_rs_fsv3013,
rs_fsv_fsva,Rohde & Schwarz,FSV/FSVA legacy (FW 3.60),signal_and_spectrum_analyzer,sweep.time,스윕 시간,sweep,query,:SWE:TIME?,float,s,low,,source_code_confirmed,"[{""maximum"":10000,""minimum"":1e-06,""name"":""value"",""type"":""float"",""unit"":""s""}]",qcodes_contrib_rs_fsv3013,
rs_fsv_fsva,Rohde & Schwarz,FSV/FSVA legacy (FW 3.60),signal_and_spectrum_analyzer,sweep.continuous,연속 스윕,sweep,set,:INIT:CONT {state},,,low,,source_code_confirmed,"[{""choices"":[""ON"",""OFF""],""name"":""state"",""type"":""enum""}]",qcodes_contrib_rs_fsv3013,
rs_fsv_fsva,Rohde & Schwarz,FSV/FSVA legacy (FW 3.60),signal_and_spectrum_analyzer,sweep.continuous,연속 스윕,sweep,query,:INIT:CONT?,boolean,,low,,source_code_confirmed,"[{""choices"":[""ON"",""OFF""],""name"":""state"",""type"":""enum""}]",qcodes_contrib_rs_fsv3013,
rs_fsv_fsva,Rohde & Schwarz,FSV/FSVA legacy (FW 3.60),signal_and_spectrum_analyzer,trigger.source,트리거 소스,trigger,set,:TRIG:SOUR {source},,,low,,source_code_confirmed,"[{""choices"":[""IMM"",""EXT"",""VID""],""name"":""source"",""type"":""enum""}]",qcodes_contrib_rs_fsv3013,
rs_fsv_fsva,Rohde & Schwarz,FSV/FSVA legacy (FW 3.60),signal_and_spectrum_analyzer,trigger.source,트리거 소스,trigger,query,:TRIG:SOUR?,string,,low,,source_code_confirmed,"[{""choices"":[""IMM"",""EXT"",""VID""],""name"":""source"",""type"":""enum""}]",qcodes_contrib_rs_fsv3013,
rs_fsv_fsva,Rohde & Schwarz,FSV/FSVA legacy (FW 3.60),signal_and_spectrum_analyzer,trigger.level,트리거 레벨,trigger,set,:TRIG:LEV {value},,V,low,,source_code_confirmed,"[{""maximum"":5,""minimum"":-5,""name"":""value"",""type"":""float"",""unit"":""V""}]",qcodes_contrib_rs_fsv3013,
rs_fsv_fsva,Rohde & Schwarz,FSV/FSVA legacy (FW 3.60),signal_and_spectrum_analyzer,trigger.level,트리거 레벨,trigger,query,:TRIG:LEV?,float,V,low,,source_code_confirmed,"[{""maximum"":5,""minimum"":-5,""name"":""value"",""type"":""float"",""unit"":""V""}]",qcodes_contrib_rs_fsv3013,
rs_fsv_fsva,Rohde & Schwarz,FSV/FSVA legacy (FW 3.60),signal_and_spectrum_analyzer,correction.state,보정 ON/OFF,correction,set,:CORR:STAT {state},,,low,,source_code_confirmed,"[{""choices"":[""ON"",""OFF""],""name"":""state"",""type"":""enum""}]",qcodes_contrib_rs_fsv3013,
rs_fsv_fsva,Rohde & Schwarz,FSV/FSVA legacy (FW 3.60),signal_and_spectrum_analyzer,correction.state,보정 ON/OFF,correction,query,:CORR:STAT?,boolean,,low,,source_code_confirmed,"[{""choices"":[""ON"",""OFF""],""name"":""state"",""type"":""enum""}]",qcodes_contrib_rs_fsv3013,
rs_fsv_fsva,Rohde & Schwarz,FSV/FSVA legacy (FW 3.60),signal_and_spectrum_analyzer,input.impedance,입력 임피던스,input,set,:INP:IMP {value},,Ohm,low,,source_code_confirmed,"[{""choices"":[50,75],""name"":""value"",""type"":""enum"",""unit"":""Ohm""}]",qcodes_contrib_rs_fsv3013,
rs_fsv_fsva,Rohde & Schwarz,FSV/FSVA legacy (FW 3.60),signal_and_spectrum_analyzer,input.impedance,입력 임피던스,input,query,:INP:IMP?,float,Ohm,low,,source_code_confirmed,"[{""choices"":[50,75],""name"":""value"",""type"":""enum"",""unit"":""Ohm""}]",qcodes_contrib_rs_fsv3013,
rs_fsv_fsva,Rohde & Schwarz,FSV/FSVA legacy (FW 3.60),signal_and_spectrum_analyzer,measurement.initiate,측정 시작,measurement,execute,:INIT:IMM,,,low,,source_code_confirmed,[],qcodes_contrib_rs_fsv3013,
rs_fsv_fsva,Rohde & Schwarz,FSV/FSVA legacy (FW 3.60),signal_and_spectrum_analyzer,measurement.acp_power.fetch,ACP 파워 결과 읽기,measurement,query,:FETCH:POW:ACP?,float,dBm,low,,source_code_confirmed,[],qcodes_contrib_rs_fsv3013,
rs_fsv_fsva,Rohde & Schwarz,FSV/FSVA legacy (FW 3.60),signal_and_spectrum_analyzer,system.reset,초기화,system,execute,*RST,,,medium,,source_code_confirmed,[],qcodes_contrib_rs_fsv3013,
keysight_e36312a,Keysight,E36300 Series,dc_power_supply,channel.voltage.setpoint,채널 출력 전압,source,set,"VOLT {value}, (@{channel})",,V,high,channel,source_code_confirmed,"[{""maximum"":3,""minimum"":1,""name"":""channel"",""type"":""integer""},{""maximum"":25,""minimum"":0,""name"":""value"",""type"":""float"",""unit"":""V""}]",pymeasure_keysight_e36312a,"채널 1: 0~6 V, 채널 2·3: 0~25 V."
keysight_e36312a,Keysight,E36300 Series,dc_power_supply,channel.voltage.setpoint,채널 출력 전압,source,query,VOLT? (@{channel}),float,V,high,channel,source_code_confirmed,"[{""maximum"":3,""minimum"":1,""name"":""channel"",""type"":""integer""},{""maximum"":25,""minimum"":0,""name"":""value"",""type"":""float"",""unit"":""V""}]",pymeasure_keysight_e36312a,"채널 1: 0~6 V, 채널 2·3: 0~25 V."
keysight_e36312a,Keysight,E36300 Series,dc_power_supply,channel.current.limit,채널 전류 한계,source,set,"CURR {value}, (@{channel})",,A,high,channel,source_code_confirmed,"[{""maximum"":3,""minimum"":1,""name"":""channel"",""type"":""integer""},{""maximum"":5,""minimum"":0,""name"":""value"",""type"":""float"",""unit"":""A""}]",pymeasure_keysight_e36312a,"채널 1: 0~5 A, 채널 2·3: 0~1 A."
keysight_e36312a,Keysight,E36300 Series,dc_power_supply,channel.current.limit,채널 전류 한계,source,query,CURR? (@{channel}),float,A,high,channel,source_code_confirmed,"[{""maximum"":3,""minimum"":1,""name"":""channel"",""type"":""integer""},{""maximum"":5,""minimum"":0,""name"":""value"",""type"":""float"",""unit"":""A""}]",pymeasure_keysight_e36312a,"채널 1: 0~5 A, 채널 2·3: 0~1 A."
keysight_e36312a,Keysight,E36300 Series,dc_power_supply,channel.measure.voltage,채널 실제 전압,measurement,query,MEASure:VOLTage? (@{channel}),float,V,low,channel,source_code_confirmed,"[{""maximum"":3,""minimum"":1,""name"":""channel"",""type"":""integer""}]",pymeasure_keysight_e36312a,
keysight_e36312a,Keysight,E36300 Series,dc_power_supply,channel.measure.current,채널 실제 전류,measurement,query,MEAS:CURRent? (@{channel}),float,A,low,channel,source_code_confirmed,"[{""maximum"":3,""minimum"":1,""name"":""channel"",""type"":""integer""}]",pymeasure_keysight_e36312a,
keysight_e36312a,Keysight,E36300 Series,dc_power_supply,channel.output.state,채널 출력 ON/OFF,output,set,"OUTPut {state}, (@{channel})",,,high,channel,source_code_confirmed,"[{""maximum"":3,""minimum"":1,""name"":""channel"",""type"":""integer""},{""mapping"":{""false"":""0"",""true"":""1""},""name"":""state"",""type"":""boolean""}]",pymeasure_keysight_e36312a,
keysight_e36312a,Keysight,E36300 Series,dc_power_supply,channel.output.state,채널 출력 ON/OFF,output,query,OUTPut? (@{channel}),boolean,,high,channel,source_code_confirmed,"[{""maximum"":3,""minimum"":1,""name"":""channel"",""type"":""integer""},{""mapping"":{""false"":""0"",""true"":""1""},""name"":""state"",""type"":""boolean""}]",pymeasure_keysight_e36312a,
keysight_33500_series,Keysight / Agilent,33500 Series,function_arbitrary_waveform_generator,waveform.shape,파형 종류,waveform,set,SOUR{channel}:FUNC {shape},,,low,channel,source_code_confirmed,"[{""maximum"":2,""minimum"":1,""name"":""channel"",""type"":""integer""},{""choices"":[""SIN"",""SQU"",""TRI"",""RAMP"",""PULS"",""PRBS"",""NOIS"",""ARB"",""DC""],""name"":""shape"",""type"":""enum""}]",pymeasure_agilent_33500,
keysight_33500_series,Keysight / Agilent,33500 Series,function_arbitrary_waveform_generator,waveform.shape,파형 종류,waveform,query,SOUR{channel}:FUNC?,string,,low,channel,source_code_confirmed,"[{""maximum"":2,""minimum"":1,""name"":""channel"",""type"":""integer""},{""choices"":[""SIN"",""SQU"",""TRI"",""RAMP"",""PULS"",""PRBS"",""NOIS"",""ARB"",""DC""],""name"":""shape"",""type"":""enum""}]",pymeasure_agilent_33500,
keysight_33500_series,Keysight / Agilent,33500 Series,function_arbitrary_waveform_generator,waveform.frequency,파형 주파수,waveform,set,SOUR{channel}:FREQ {value},,Hz,medium,channel,source_code_confirmed,"[{""maximum"":2,""minimum"":1,""name"":""channel"",""type"":""integer""},{""maximum"":120000000.0,""minimum"":1e-06,""name"":""value"",""type"":""float"",""unit"":""Hz""}]",pymeasure_agilent_33500,모델·파형에 따라 실제 상한이 동적.
keysight_33500_series,Keysight / Agilent,33500 Series,function_arbitrary_waveform_generator,waveform.frequency,파형 주파수,waveform,query,SOUR{channel}:FREQ?,float,Hz,medium,channel,source_code_confirmed,"[{""maximum"":2,""minimum"":1,""name"":""channel"",""type"":""integer""},{""maximum"":120000000.0,""minimum"":1e-06,""name"":""value"",""type"":""float"",""unit"":""Hz""}]",pymeasure_agilent_33500,모델·파형에 따라 실제 상한이 동적.
keysight_33500_series,Keysight / Agilent,33500 Series,function_arbitrary_waveform_generator,waveform.amplitude,출력 진폭,waveform,set,SOUR{channel}:VOLT {value},,V,high,channel,source_code_confirmed,"[{""maximum"":2,""minimum"":1,""name"":""channel"",""type"":""integer""},{""maximum"":10,""minimum"":0.01,""name"":""value"",""type"":""float"",""unit"":""V""}]",pymeasure_agilent_33500,
keysight_33500_series,Keysight / Agilent,33500 Series,function_arbitrary_waveform_generator,waveform.amplitude,출력 진폭,waveform,query,SOUR{channel}:VOLT?,float,V,high,channel,source_code_confirmed,"[{""maximum"":2,""minimum"":1,""name"":""channel"",""type"":""integer""},{""maximum"":10,""minimum"":0.01,""name"":""value"",""type"":""float"",""unit"":""V""}]",pymeasure_agilent_33500,
keysight_33500_series,Keysight / Agilent,33500 Series,function_arbitrary_waveform_generator,waveform.amplitude.unit,진폭 단위,waveform,set,SOUR{channel}:VOLT:UNIT {unit},,,low,channel,source_code_confirmed,"[{""maximum"":2,""minimum"":1,""name"":""channel"",""type"":""integer""},{""choices"":[""VPP"",""VRMS"",""DBM""],""name"":""unit"",""type"":""enum""}]",pymeasure_agilent_33500,
keysight_33500_series,Keysight / Agilent,33500 Series,function_arbitrary_waveform_generator,waveform.amplitude.unit,진폭 단위,waveform,query,SOUR{channel}:VOLT:UNIT?,string,,low,channel,source_code_confirmed,"[{""maximum"":2,""minimum"":1,""name"":""channel"",""type"":""integer""},{""choices"":[""VPP"",""VRMS"",""DBM""],""name"":""unit"",""type"":""enum""}]",pymeasure_agilent_33500,
keysight_33500_series,Keysight / Agilent,33500 Series,function_arbitrary_waveform_generator,waveform.offset,DC Offset,waveform,set,SOUR{channel}:VOLT:OFFS {value},,V,high,channel,source_code_confirmed,"[{""maximum"":2,""minimum"":1,""name"":""channel"",""type"":""integer""},{""maximum"":4.995,""minimum"":-4.995,""name"":""value"",""type"":""float"",""unit"":""V""}]",pymeasure_agilent_33500,
keysight_33500_series,Keysight / Agilent,33500 Series,function_arbitrary_waveform_generator,waveform.offset,DC Offset,waveform,query,SOUR{channel}:VOLT:OFFS?,float,V,high,channel,source_code_confirmed,"[{""maximum"":2,""minimum"":1,""name"":""channel"",""type"":""integer""},{""maximum"":4.995,""minimum"":-4.995,""name"":""value"",""type"":""float"",""unit"":""V""}]",pymeasure_agilent_33500,
keysight_33500_series,Keysight / Agilent,33500 Series,function_arbitrary_waveform_generator,waveform.voltage.high,상한 전압,waveform,set,SOUR{channel}:VOLT:HIGH {value},,V,high,channel,source_code_confirmed,"[{""maximum"":2,""minimum"":1,""name"":""channel"",""type"":""integer""},{""maximum"":5,""minimum"":-4.999,""name"":""value"",""type"":""float"",""unit"":""V""}]",pymeasure_agilent_33500,
keysight_33500_series,Keysight / Agilent,33500 Series,function_arbitrary_waveform_generator,waveform.voltage.high,상한 전압,waveform,query,SOUR{channel}:VOLT:HIGH?,float,V,high,channel,source_code_confirmed,"[{""maximum"":2,""minimum"":1,""name"":""channel"",""type"":""integer""},{""maximum"":5,""minimum"":-4.999,""name"":""value"",""type"":""float"",""unit"":""V""}]",pymeasure_agilent_33500,
keysight_33500_series,Keysight / Agilent,33500 Series,function_arbitrary_waveform_generator,waveform.voltage.low,하한 전압,waveform,set,SOUR{channel}:VOLT:LOW {value},,V,high,channel,source_code_confirmed,"[{""maximum"":2,""minimum"":1,""name"":""channel"",""type"":""integer""},{""maximum"":4.999,""minimum"":-5,""name"":""value"",""type"":""float"",""unit"":""V""}]",pymeasure_agilent_33500,
keysight_33500_series,Keysight / Agilent,33500 Series,function_arbitrary_waveform_generator,waveform.voltage.low,하한 전압,waveform,query,SOUR{channel}:VOLT:LOW?,float,V,high,channel,source_code_confirmed,"[{""maximum"":2,""minimum"":1,""name"":""channel"",""type"":""integer""},{""maximum"":4.999,""minimum"":-5,""name"":""value"",""type"":""float"",""unit"":""V""}]",pymeasure_agilent_33500,
keysight_33500_series,Keysight / Agilent,33500 Series,function_arbitrary_waveform_generator,waveform.phase,파형 위상,waveform,set,SOUR{channel}:PHAS {value},,deg,low,channel,source_code_confirmed,"[{""maximum"":2,""minimum"":1,""name"":""channel"",""type"":""integer""},{""maximum"":360,""minimum"":-360,""name"":""value"",""type"":""float"",""unit"":""deg""}]",pymeasure_agilent_33500,
keysight_33500_series,Keysight / Agilent,33500 Series,function_arbitrary_waveform_generator,waveform.phase,파형 위상,waveform,query,SOUR{channel}:PHAS?,float,deg,low,channel,source_code_confirmed,"[{""maximum"":2,""minimum"":1,""name"":""channel"",""type"":""integer""},{""maximum"":360,""minimum"":-360,""name"":""value"",""type"":""float"",""unit"":""deg""}]",pymeasure_agilent_33500,
keysight_33500_series,Keysight / Agilent,33500 Series,function_arbitrary_waveform_generator,waveform.square.duty_cycle,구형파 듀티비,waveform,set,SOUR{channel}:FUNC:SQU:DCYC {value},,%,low,channel,source_code_confirmed,"[{""maximum"":2,""minimum"":1,""name"":""channel"",""type"":""integer""},{""maximum"":99.98,""minimum"":0.01,""name"":""value"",""type"":""float"",""unit"":""%""}]",pymeasure_agilent_33500,
keysight_33500_series,Keysight / Agilent,33500 Series,function_arbitrary_waveform_generator,waveform.square.duty_cycle,구형파 듀티비,waveform,query,SOUR{channel}:FUNC:SQU:DCYC?,float,%,low,channel,source_code_confirmed,"[{""maximum"":2,""minimum"":1,""name"":""channel"",""type"":""integer""},{""maximum"":99.98,""minimum"":0.01,""name"":""value"",""type"":""float"",""unit"":""%""}]",pymeasure_agilent_33500,
keysight_33500_series,Keysight / Agilent,33500 Series,function_arbitrary_waveform_generator,waveform.pulse.period,펄스 주기,waveform,set,SOUR{channel}:FUNC:PULS:PER {value},,s,low,channel,source_code_confirmed,"[{""maximum"":2,""minimum"":1,""name"":""channel"",""type"":""integer""},{""maximum"":1000000.0,""minimum"":3.3e-08,""name"":""value"",""type"":""float"",""unit"":""s""}]",pymeasure_agilent_33500,
keysight_33500_series,Keysight / Agilent,33500 Series,function_arbitrary_waveform_generator,waveform.pulse.period,펄스 주기,waveform,query,SOUR{channel}:FUNC:PULS:PER?,float,s,low,channel,source_code_confirmed,"[{""maximum"":2,""minimum"":1,""name"":""channel"",""type"":""integer""},{""maximum"":1000000.0,""minimum"":3.3e-08,""name"":""value"",""type"":""float"",""unit"":""s""}]",pymeasure_agilent_33500,
keysight_33500_series,Keysight / Agilent,33500 Series,function_arbitrary_waveform_generator,waveform.pulse.width,펄스 폭,waveform,set,SOUR{channel}:FUNC:PULS:WIDT {value},,s,low,channel,source_code_confirmed,"[{""maximum"":2,""minimum"":1,""name"":""channel"",""type"":""integer""},{""maximum"":1000000.0,""minimum"":1.6e-08,""name"":""value"",""type"":""float"",""unit"":""s""}]",pymeasure_agilent_33500,
keysight_33500_series,Keysight / Agilent,33500 Series,function_arbitrary_waveform_generator,waveform.pulse.width,펄스 폭,waveform,query,SOUR{channel}:FUNC:PULS:WIDT?,float,s,low,channel,source_code_confirmed,"[{""maximum"":2,""minimum"":1,""name"":""channel"",""type"":""integer""},{""maximum"":1000000.0,""minimum"":1.6e-08,""name"":""value"",""type"":""float"",""unit"":""s""}]",pymeasure_agilent_33500,
keysight_33500_series,Keysight / Agilent,33500 Series,function_arbitrary_waveform_generator,waveform.pulse.duty_cycle,펄스 듀티비,waveform,set,SOUR{channel}:FUNC:PULS:DCYC {value},,%,low,channel,source_code_confirmed,"[{""maximum"":2,""minimum"":1,""name"":""channel"",""type"":""integer""},{""maximum"":100,""minimum"":0,""name"":""value"",""type"":""float"",""unit"":""%""}]",pymeasure_agilent_33500,
keysight_33500_series,Keysight / Agilent,33500 Series,function_arbitrary_waveform_generator,waveform.pulse.duty_cycle,펄스 듀티비,waveform,query,SOUR{channel}:FUNC:PULS:DCYC?,float,%,low,channel,source_code_confirmed,"[{""maximum"":2,""minimum"":1,""name"":""channel"",""type"":""integer""},{""maximum"":100,""minimum"":0,""name"":""value"",""type"":""float"",""unit"":""%""}]",pymeasure_agilent_33500,
keysight_33500_series,Keysight / Agilent,33500 Series,function_arbitrary_waveform_generator,waveform.pulse.transition,펄스 상승·하강 시간,waveform,set,SOUR{channel}:FUNC:PULS:TRAN:BOTH {value},,s,low,channel,source_code_confirmed,"[{""maximum"":2,""minimum"":1,""name"":""channel"",""type"":""integer""},{""maximum"":1e-06,""minimum"":8.4e-09,""name"":""value"",""type"":""float"",""unit"":""s""}]",pymeasure_agilent_33500,
keysight_33500_series,Keysight / Agilent,33500 Series,function_arbitrary_waveform_generator,waveform.pulse.transition,펄스 상승·하강 시간,waveform,query,SOUR{channel}:FUNC:PULS:TRAN?,float,s,low,channel,source_code_confirmed,"[{""maximum"":2,""minimum"":1,""name"":""channel"",""type"":""integer""},{""maximum"":1e-06,""minimum"":8.4e-09,""name"":""value"",""type"":""float"",""unit"":""s""}]",pymeasure_agilent_33500,
keysight_33500_series,Keysight / Agilent,33500 Series,function_arbitrary_waveform_generator,output.state,채널 출력 ON/OFF,output,set,OUTP{channel} {state},,,high,channel,source_code_confirmed,"[{""maximum"":2,""minimum"":1,""name"":""channel"",""type"":""integer""},{""mapping"":{""false"":""0"",""true"":""1""},""name"":""state"",""type"":""boolean""}]",pymeasure_agilent_33500,
keysight_33500_series,Keysight / Agilent,33500 Series,function_arbitrary_waveform_generator,output.state,채널 출력 ON/OFF,output,query,OUTP{channel}?,boolean,,high,channel,source_code_confirmed,"[{""maximum"":2,""minimum"":1,""name"":""channel"",""type"":""integer""},{""mapping"":{""false"":""0"",""true"":""1""},""name"":""state"",""type"":""boolean""}]",pymeasure_agilent_33500,
keysight_33500_series,Keysight / Agilent,33500 Series,function_arbitrary_waveform_generator,output.load,예상 부하 임피던스,output,set,OUTP{channel}:LOAD {value},,Ohm,low,channel,source_code_confirmed,"[{""maximum"":2,""minimum"":1,""name"":""channel"",""type"":""integer""},{""name"":""value"",""type"":""float_or_string"",""unit"":""Ohm""}]",pymeasure_agilent_33500,
keysight_33500_series,Keysight / Agilent,33500 Series,function_arbitrary_waveform_generator,output.load,예상 부하 임피던스,output,query,OUTP{channel}:LOAD?,float_or_string,Ohm,low,channel,source_code_confirmed,"[{""maximum"":2,""minimum"":1,""name"":""channel"",""type"":""integer""},{""name"":""value"",""type"":""float_or_string"",""unit"":""Ohm""}]",pymeasure_agilent_33500,
keysight_33500_series,Keysight / Agilent,33500 Series,function_arbitrary_waveform_generator,burst.state,Burst ON/OFF,burst,set,SOUR{channel}:BURS:STAT {state},,,low,channel,source_code_confirmed,"[{""maximum"":2,""minimum"":1,""name"":""channel"",""type"":""integer""},{""mapping"":{""false"":""0"",""true"":""1""},""name"":""state"",""type"":""boolean""}]",pymeasure_agilent_33500,
keysight_33500_series,Keysight / Agilent,33500 Series,function_arbitrary_waveform_generator,burst.state,Burst ON/OFF,burst,query,SOUR{channel}:BURS:STAT?,boolean,,low,channel,source_code_confirmed,"[{""maximum"":2,""minimum"":1,""name"":""channel"",""type"":""integer""},{""mapping"":{""false"":""0"",""true"":""1""},""name"":""state"",""type"":""boolean""}]",pymeasure_agilent_33500,
keysight_33500_series,Keysight / Agilent,33500 Series,function_arbitrary_waveform_generator,burst.mode,Burst 모드,burst,set,SOUR{channel}:BURS:MODE {mode},,,low,channel,source_code_confirmed,"[{""maximum"":2,""minimum"":1,""name"":""channel"",""type"":""integer""},{""choices"":[""TRIG"",""TRIGGERED"",""GAT"",""GATED""],""name"":""mode"",""type"":""enum""}]",pymeasure_agilent_33500,
keysight_33500_series,Keysight / Agilent,33500 Series,function_arbitrary_waveform_generator,burst.mode,Burst 모드,burst,query,SOUR{channel}:BURS:MODE?,string,,low,channel,source_code_confirmed,"[{""maximum"":2,""minimum"":1,""name"":""channel"",""type"":""integer""},{""choices"":[""TRIG"",""TRIGGERED"",""GAT"",""GATED""],""name"":""mode"",""type"":""enum""}]",pymeasure_agilent_33500,
keysight_33500_series,Keysight / Agilent,33500 Series,function_arbitrary_waveform_generator,burst.period,Burst 주기,burst,set,SOUR{channel}:BURS:INT:PER {value},,s,low,channel,source_code_confirmed,"[{""maximum"":2,""minimum"":1,""name"":""channel"",""type"":""integer""},{""maximum"":8000,""minimum"":1e-06,""name"":""value"",""type"":""float"",""unit"":""s""}]",pymeasure_agilent_33500,
keysight_33500_series,Keysight / Agilent,33500 Series,function_arbitrary_waveform_generator,burst.period,Burst 주기,burst,query,SOUR{channel}:BURS:INT:PER?,float,s,low,channel,source_code_confirmed,"[{""maximum"":2,""minimum"":1,""name"":""channel"",""type"":""integer""},{""maximum"":8000,""minimum"":1e-06,""name"":""value"",""type"":""float"",""unit"":""s""}]",pymeasure_agilent_33500,
keysight_33500_series,Keysight / Agilent,33500 Series,function_arbitrary_waveform_generator,burst.cycles,Burst 사이클 수,burst,set,SOUR{channel}:BURS:NCYC {value},,,low,channel,source_code_confirmed,"[{""maximum"":2,""minimum"":1,""name"":""channel"",""type"":""integer""},{""maximum"":99999,""minimum"":1,""name"":""value"",""type"":""integer""}]",pymeasure_agilent_33500,
keysight_33500_series,Keysight / Agilent,33500 Series,function_arbitrary_waveform_generator,burst.cycles,Burst 사이클 수,burst,query,SOUR{channel}:BURS:NCYC?,integer,,low,channel,source_code_confirmed,"[{""maximum"":2,""minimum"":1,""name"":""channel"",""type"":""integer""},{""maximum"":99999,""minimum"":1,""name"":""value"",""type"":""integer""}]",pymeasure_agilent_33500,
keysight_33500_series,Keysight / Agilent,33500 Series,function_arbitrary_waveform_generator,arb.waveform.select,ARB 파형 선택,arb,set,SOUR{channel}:FUNC:ARB {name},,,low,channel,source_code_confirmed,"[{""maximum"":2,""minimum"":1,""name"":""channel"",""type"":""integer""},{""name"":""name"",""type"":""string""}]",pymeasure_agilent_33500,
keysight_33500_series,Keysight / Agilent,33500 Series,function_arbitrary_waveform_generator,arb.waveform.select,ARB 파형 선택,arb,query,SOUR{channel}:FUNC:ARB?,string,,low,channel,source_code_confirmed,"[{""maximum"":2,""minimum"":1,""name"":""channel"",""type"":""integer""},{""name"":""name"",""type"":""string""}]",pymeasure_agilent_33500,
keysight_33500_series,Keysight / Agilent,33500 Series,function_arbitrary_waveform_generator,arb.advance.mode,ARB 진행 방식,arb,set,SOUR{channel}:FUNC:ARB:ADV {mode},,,low,channel,source_code_confirmed,"[{""maximum"":2,""minimum"":1,""name"":""channel"",""type"":""integer""},{""choices"":[""TRIG"",""TRIGGER"",""SRAT"",""SRATE""],""name"":""mode"",""type"":""enum""}]",pymeasure_agilent_33500,
keysight_33500_series,Keysight / Agilent,33500 Series,function_arbitrary_waveform_generator,arb.advance.mode,ARB 진행 방식,arb,query,SOUR{channel}:FUNC:ARB:ADV?,string,,low,channel,source_code_confirmed,"[{""maximum"":2,""minimum"":1,""name"":""channel"",""type"":""integer""},{""choices"":[""TRIG"",""TRIGGER"",""SRAT"",""SRATE""],""name"":""mode"",""type"":""enum""}]",pymeasure_agilent_33500,
keysight_33500_series,Keysight / Agilent,33500 Series,function_arbitrary_waveform_generator,arb.filter,ARB 필터,arb,set,SOUR{channel}:FUNC:ARB:FILT {mode},,,low,channel,source_code_confirmed,"[{""maximum"":2,""minimum"":1,""name"":""channel"",""type"":""integer""},{""choices"":[""NORM"",""NORMAL"",""STEP"",""OFF""],""name"":""mode"",""type"":""enum""}]",pymeasure_agilent_33500,
keysight_33500_series,Keysight / Agilent,33500 Series,function_arbitrary_waveform_generator,arb.filter,ARB 필터,arb,query,SOUR{channel}:FUNC:ARB:FILT?,string,,low,channel,source_code_confirmed,"[{""maximum"":2,""minimum"":1,""name"":""channel"",""type"":""integer""},{""choices"":[""NORM"",""NORMAL"",""STEP"",""OFF""],""name"":""mode"",""type"":""enum""}]",pymeasure_agilent_33500,
keysight_33500_series,Keysight / Agilent,33500 Series,function_arbitrary_waveform_generator,arb.sample_rate,ARB 샘플레이트,arb,set,SOUR{channel}:FUNC:ARB:SRAT {value},,Sa/s,low,channel,source_code_confirmed,"[{""maximum"":2,""minimum"":1,""name"":""channel"",""type"":""integer""},{""maximum"":250000000.0,""minimum"":1e-06,""name"":""value"",""type"":""float"",""unit"":""Sa/s""}]",pymeasure_agilent_33500,
keysight_33500_series,Keysight / Agilent,33500 Series,function_arbitrary_waveform_generator,arb.sample_rate,ARB 샘플레이트,arb,query,SOUR{channel}:FUNC:ARB:SRAT?,float,Sa/s,low,channel,source_code_confirmed,"[{""maximum"":2,""minimum"":1,""name"":""channel"",""type"":""integer""},{""maximum"":250000000.0,""minimum"":1e-06,""name"":""value"",""type"":""float"",""unit"":""Sa/s""}]",pymeasure_agilent_33500,
keysight_344xxa_truevolt,Keysight,344xxA / Truevolt,digital_multimeter,dmm.sense.function,측정 기능,measurement,set,SENSe:FUNCtion {function},,,low,,project_driver_confirmed,"[{""choices"":[""\""VOLT\"""",""\""VOLT:AC\"""",""\""CURR\"""",""\""CURR:AC\"""",""\""RES\"""",""\""FRES\""""],""name"":""function"",""type"":""enum""}]",qcodes_keysight_344xxa,
keysight_344xxa_truevolt,Keysight,344xxA / Truevolt,digital_multimeter,dmm.sense.function,측정 기능,measurement,query,SENSe:FUNCtion?,string,,low,,project_driver_confirmed,"[{""choices"":[""\""VOLT\"""",""\""VOLT:AC\"""",""\""CURR\"""",""\""CURR:AC\"""",""\""RES\"""",""\""FRES\""""],""name"":""function"",""type"":""enum""}]",qcodes_keysight_344xxa,
keysight_344xxa_truevolt,Keysight,344xxA / Truevolt,digital_multimeter,system.line_frequency,전원 주파수,system,query,SYSTem:LFRequency?,integer,Hz,low,,project_driver_confirmed,[],qcodes_keysight_344xxa,
keysight_344xxa_truevolt,Keysight,344xxA / Truevolt,digital_multimeter,dmm.range.dc_voltage,DC 전압 범위,measurement,set,SENSe:VOLTage:DC:RANGe {value},,V,low,,project_driver_confirmed,"[{""choices"":[""MIN"",""MAX"",""DEF""],""name"":""value"",""type"":""float_or_mnemonic"",""unit"":""V""}]",qcodes_keysight_344xxa,
keysight_344xxa_truevolt,Keysight,344xxA / Truevolt,digital_multimeter,dmm.range.dc_voltage,DC 전압 범위,measurement,query,SENSe:VOLTage:DC:RANGe?,float,V,low,,project_driver_confirmed,"[{""choices"":[""MIN"",""MAX"",""DEF""],""name"":""value"",""type"":""float_or_mnemonic"",""unit"":""V""}]",qcodes_keysight_344xxa,
keysight_344xxa_truevolt,Keysight,344xxA / Truevolt,digital_multimeter,dmm.resolution.dc_voltage,DC 전압 분해능,measurement,set,VOLT:DC:RES {value},,V,low,,project_driver_confirmed,"[{""choices"":[""MIN"",""MAX"",""DEF""],""name"":""value"",""type"":""float_or_mnemonic"",""unit"":""V""}]",qcodes_keysight_344xxa,
keysight_344xxa_truevolt,Keysight,344xxA / Truevolt,digital_multimeter,dmm.resolution.dc_voltage,DC 전압 분해능,measurement,query,SENSe:VOLTage:DC:RESolution?,float,V,low,,project_driver_confirmed,"[{""choices"":[""MIN"",""MAX"",""DEF""],""name"":""value"",""type"":""float_or_mnemonic"",""unit"":""V""}]",qcodes_keysight_344xxa,
keysight_344xxa_truevolt,Keysight,344xxA / Truevolt,digital_multimeter,dmm.nplc,적분시간 NPLC,measurement,set,SENSe:{sense_function}:NPLC {value},,NPLC,low,,project_driver_confirmed,"[{""name"":""sense_function"",""type"":""string""},{""name"":""value"",""type"":""float""}]",qcodes_keysight_344xxa,
keysight_344xxa_truevolt,Keysight,344xxA / Truevolt,digital_multimeter,dmm.nplc,적분시간 NPLC,measurement,query,SENSe:{sense_function}:NPLC?,float,NPLC,low,,project_driver_confirmed,"[{""name"":""sense_function"",""type"":""string""},{""name"":""value"",""type"":""float""}]",qcodes_keysight_344xxa,
keysight_344xxa_truevolt,Keysight,344xxA / Truevolt,digital_multimeter,trigger.count,트리거 횟수,trigger,set,TRIGger:COUNt {value},,,low,,project_driver_confirmed,"[{""choices"":[""MIN"",""MAX"",""DEF"",""INF""],""minimum"":1,""name"":""value"",""type"":""integer_or_mnemonic""}]",qcodes_keysight_344xxa,
keysight_344xxa_truevolt,Keysight,344xxA / Truevolt,digital_multimeter,trigger.count,트리거 횟수,trigger,query,TRIGger:COUNt?,float,,low,,project_driver_confirmed,"[{""choices"":[""MIN"",""MAX"",""DEF"",""INF""],""minimum"":1,""name"":""value"",""type"":""integer_or_mnemonic""}]",qcodes_keysight_344xxa,
keysight_344xxa_truevolt,Keysight,344xxA / Truevolt,digital_multimeter,trigger.delay,트리거 지연,trigger,set,TRIGger:DELay {value},,s,low,,project_driver_confirmed,"[{""choices"":[""MIN"",""MAX"",""DEF""],""maximum"":3600,""minimum"":0,""name"":""value"",""type"":""float_or_mnemonic"",""unit"":""s""}]",qcodes_keysight_344xxa,
keysight_344xxa_truevolt,Keysight,344xxA / Truevolt,digital_multimeter,trigger.delay,트리거 지연,trigger,query,TRIGger:DELay?,float,s,low,,project_driver_confirmed,"[{""choices"":[""MIN"",""MAX"",""DEF""],""maximum"":3600,""minimum"":0,""name"":""value"",""type"":""float_or_mnemonic"",""unit"":""s""}]",qcodes_keysight_344xxa,
keysight_344xxa_truevolt,Keysight,344xxA / Truevolt,digital_multimeter,trigger.delay.auto,자동 트리거 지연,trigger,set,TRIGger:DELay:AUTO {state},,,low,,project_driver_confirmed,"[{""mapping"":{""false"":""0"",""true"":""1""},""name"":""state"",""type"":""boolean""}]",qcodes_keysight_344xxa,
keysight_344xxa_truevolt,Keysight,344xxA / Truevolt,digital_multimeter,trigger.delay.auto,자동 트리거 지연,trigger,query,TRIGger:DELay:AUTO?,boolean,,low,,project_driver_confirmed,"[{""mapping"":{""false"":""0"",""true"":""1""},""name"":""state"",""type"":""boolean""}]",qcodes_keysight_344xxa,
keysight_344xxa_truevolt,Keysight,344xxA / Truevolt,digital_multimeter,trigger.slope,트리거 기울기,trigger,set,TRIGger:SLOPe {slope},,,low,,project_driver_confirmed,"[{""choices"":[""POS"",""NEG""],""name"":""slope"",""type"":""enum""}]",qcodes_keysight_344xxa,
keysight_344xxa_truevolt,Keysight,344xxA / Truevolt,digital_multimeter,trigger.slope,트리거 기울기,trigger,query,TRIGger:SLOPe?,string,,low,,project_driver_confirmed,"[{""choices"":[""POS"",""NEG""],""name"":""slope"",""type"":""enum""}]",qcodes_keysight_344xxa,
keysight_344xxa_truevolt,Keysight,344xxA / Truevolt,digital_multimeter,trigger.source,트리거 소스,trigger,set,TRIGger:SOURce {source},,,low,,project_driver_confirmed,"[{""choices"":[""IMM"",""EXT"",""BUS"",""INT""],""name"":""source"",""type"":""enum""}]",qcodes_keysight_344xxa,INT는 DIG 기능 또는 일부 모델에서만 지원.
keysight_344xxa_truevolt,Keysight,344xxA / Truevolt,digital_multimeter,trigger.source,트리거 소스,trigger,query,TRIGger:SOURce?,string,,low,,project_driver_confirmed,"[{""choices"":[""IMM"",""EXT"",""BUS"",""INT""],""name"":""source"",""type"":""enum""}]",qcodes_keysight_344xxa,INT는 DIG 기능 또는 일부 모델에서만 지원.
keysight_344xxa_truevolt,Keysight,344xxA / Truevolt,digital_multimeter,trigger.force,버스 트리거,trigger,execute,*TRG,,,low,,project_driver_confirmed,[],qcodes_keysight_344xxa,
keysight_344xxa_truevolt,Keysight,344xxA / Truevolt,digital_multimeter,sample.count,트리거당 샘플 수,sample,set,SAMPle:COUNt {value},,,low,,project_driver_confirmed,"[{""choices"":[""MIN"",""MAX"",""DEF""],""minimum"":1,""name"":""value"",""type"":""integer_or_mnemonic""}]",qcodes_keysight_344xxa,
keysight_344xxa_truevolt,Keysight,344xxA / Truevolt,digital_multimeter,sample.count,트리거당 샘플 수,sample,query,SAMPle:COUNt?,integer,,low,,project_driver_confirmed,"[{""choices"":[""MIN"",""MAX"",""DEF""],""minimum"":1,""name"":""value"",""type"":""integer_or_mnemonic""}]",qcodes_keysight_344xxa,
keysight_344xxa_truevolt,Keysight,344xxA / Truevolt,digital_multimeter,sample.pretrigger.count,프리트리거 샘플 수,sample,set,SAMPle:COUNt:PRETrigger {value},,,low,,project_driver_confirmed,"[{""choices"":[""MIN"",""MAX"",""DEF""],""minimum"":0,""name"":""value"",""type"":""integer_or_mnemonic""}]",qcodes_keysight_344xxa,DIG/MEM 옵션 및 모델별 최대값 차이.
keysight_344xxa_truevolt,Keysight,344xxA / Truevolt,digital_multimeter,sample.pretrigger.count,프리트리거 샘플 수,sample,query,SAMPle:COUNt:PRETrigger?,integer,,low,,project_driver_confirmed,"[{""choices"":[""MIN"",""MAX"",""DEF""],""minimum"":0,""name"":""value"",""type"":""integer_or_mnemonic""}]",qcodes_keysight_344xxa,DIG/MEM 옵션 및 모델별 최대값 차이.
keysight_344xxa_truevolt,Keysight,344xxA / Truevolt,digital_multimeter,sample.source,샘플 타이밍 소스,sample,set,SAMPle:SOURce {source},,,low,,project_driver_confirmed,"[{""choices"":[""IMM"",""TIM""],""name"":""source"",""type"":""enum""}]",qcodes_keysight_344xxa,
keysight_344xxa_truevolt,Keysight,344xxA / Truevolt,digital_multimeter,sample.source,샘플 타이밍 소스,sample,query,SAMPle:SOURce?,string,,low,,project_driver_confirmed,"[{""choices"":[""IMM"",""TIM""],""name"":""source"",""type"":""enum""}]",qcodes_keysight_344xxa,
keysight_344xxa_truevolt,Keysight,344xxA / Truevolt,digital_multimeter,sample.timer,샘플 타이머,sample,set,SAMPle:TIMer {value},,s,low,,project_driver_confirmed,"[{""choices"":[""MIN"",""MAX"",""DEF""],""maximum"":3600,""minimum"":0,""name"":""value"",""type"":""float_or_mnemonic"",""unit"":""s""}]",qcodes_keysight_344xxa,
keysight_344xxa_truevolt,Keysight,344xxA / Truevolt,digital_multimeter,sample.timer,샘플 타이머,sample,query,SAMPle:TIMer?,float,s,low,,project_driver_confirmed,"[{""choices"":[""MIN"",""MAX"",""DEF""],""maximum"":3600,""minimum"":0,""name"":""value"",""type"":""float_or_mnemonic"",""unit"":""s""}]",qcodes_keysight_344xxa,
keysight_344xxa_truevolt,Keysight,344xxA / Truevolt,digital_multimeter,measurement.initiate,측정 초기화·트리거 대기,measurement,execute,INIT,,,low,,project_driver_confirmed,[],qcodes_keysight_344xxa,
keysight_344xxa_truevolt,Keysight,344xxA / Truevolt,digital_multimeter,measurement.fetch,측정 메모리 읽기,measurement,query,FETCH?,float_array,,low,,project_driver_confirmed,[],qcodes_keysight_344xxa,
keysight_344xxa_truevolt,Keysight,344xxA / Truevolt,digital_multimeter,measurement.read,즉시 측정·읽기,measurement,query,READ?,float_array,,low,,project_driver_confirmed,[],qcodes_keysight_344xxa,
keysight_344xxa_truevolt,Keysight,344xxA / Truevolt,digital_multimeter,measurement.abort,측정 중단,measurement,execute,ABORt,,,low,,project_driver_confirmed,[],qcodes_keysight_344xxa,
keysight_344xxa_truevolt,Keysight,344xxA / Truevolt,digital_multimeter,system.reset,초기화,system,execute,*RST,,,medium,,project_driver_confirmed,[],qcodes_keysight_344xxa,
rigol_ds1000z,RIGOL,DS1000Z,digital_oscilloscope,display.autoscale,자동 스케일,display,execute,:AUT,,,medium,,live_hardware_source_confirmed,[],rigol_ds1000z_driver,
rigol_ds1000z,RIGOL,DS1000Z,digital_oscilloscope,display.clear,화면 지우기,display,execute,:CLE,,,low,,live_hardware_source_confirmed,[],rigol_ds1000z_driver,
rigol_ds1000z,RIGOL,DS1000Z,digital_oscilloscope,acquisition.run,연속 획득,acquisition,execute,:RUN,,,low,,live_hardware_source_confirmed,[],rigol_ds1000z_driver,
rigol_ds1000z,RIGOL,DS1000Z,digital_oscilloscope,acquisition.stop,획득 정지,acquisition,execute,:STOP,,,low,,live_hardware_source_confirmed,[],rigol_ds1000z_driver,
rigol_ds1000z,RIGOL,DS1000Z,digital_oscilloscope,acquisition.single,싱글 획득,acquisition,execute,:SING,,,low,,live_hardware_source_confirmed,[],rigol_ds1000z_driver,
rigol_ds1000z,RIGOL,DS1000Z,digital_oscilloscope,trigger.force,강제 트리거,trigger,execute,:TFOR,,,low,,live_hardware_source_confirmed,[],rigol_ds1000z_driver,
rigol_ds1000z,RIGOL,DS1000Z,digital_oscilloscope,channel.bandwidth_limit,채널 대역 제한,channel,set,:CHAN{channel}:BWL {mode},,,low,channel,live_hardware_source_confirmed,"[{""maximum"":4,""minimum"":1,""name"":""channel"",""type"":""integer""},{""choices"":[""20M"",""OFF""],""name"":""mode"",""type"":""enum""}]",rigol_ds1000z_driver,
rigol_ds1000z,RIGOL,DS1000Z,digital_oscilloscope,channel.bandwidth_limit,채널 대역 제한,channel,query,:CHAN{channel}:BWL?,string,,low,channel,live_hardware_source_confirmed,"[{""maximum"":4,""minimum"":1,""name"":""channel"",""type"":""integer""},{""choices"":[""20M"",""OFF""],""name"":""mode"",""type"":""enum""}]",rigol_ds1000z_driver,
rigol_ds1000z,RIGOL,DS1000Z,digital_oscilloscope,channel.coupling,채널 커플링,channel,set,:CHAN{channel}:COUP {mode},,,low,channel,live_hardware_source_confirmed,"[{""maximum"":4,""minimum"":1,""name"":""channel"",""type"":""integer""},{""name"":""mode"",""type"":""string""}]",rigol_ds1000z_driver,
rigol_ds1000z,RIGOL,DS1000Z,digital_oscilloscope,channel.coupling,채널 커플링,channel,query,:CHAN{channel}:COUP?,string,,low,channel,live_hardware_source_confirmed,"[{""maximum"":4,""minimum"":1,""name"":""channel"",""type"":""integer""},{""name"":""mode"",""type"":""string""}]",rigol_ds1000z_driver,
rigol_ds1000z,RIGOL,DS1000Z,digital_oscilloscope,channel.display,채널 표시 ON/OFF,channel,set,:CHAN{channel}:DISP {state},,,low,channel,live_hardware_source_confirmed,"[{""maximum"":4,""minimum"":1,""name"":""channel"",""type"":""integer""},{""mapping"":{""false"":""0"",""true"":""1""},""name"":""state"",""type"":""boolean""}]",rigol_ds1000z_driver,
rigol_ds1000z,RIGOL,DS1000Z,digital_oscilloscope,channel.display,채널 표시 ON/OFF,channel,query,:CHAN{channel}:DISP?,boolean,,low,channel,live_hardware_source_confirmed,"[{""maximum"":4,""minimum"":1,""name"":""channel"",""type"":""integer""},{""mapping"":{""false"":""0"",""true"":""1""},""name"":""state"",""type"":""boolean""}]",rigol_ds1000z_driver,
rigol_ds1000z,RIGOL,DS1000Z,digital_oscilloscope,channel.invert,채널 반전,channel,set,:CHAN{channel}:INV {state},,,low,channel,live_hardware_source_confirmed,"[{""maximum"":4,""minimum"":1,""name"":""channel"",""type"":""integer""},{""mapping"":{""false"":""0"",""true"":""1""},""name"":""state"",""type"":""boolean""}]",rigol_ds1000z_driver,
rigol_ds1000z,RIGOL,DS1000Z,digital_oscilloscope,channel.invert,채널 반전,channel,query,:CHAN{channel}:INV?,boolean,,low,channel,live_hardware_source_confirmed,"[{""maximum"":4,""minimum"":1,""name"":""channel"",""type"":""integer""},{""mapping"":{""false"":""0"",""true"":""1""},""name"":""state"",""type"":""boolean""}]",rigol_ds1000z_driver,
rigol_ds1000z,RIGOL,DS1000Z,digital_oscilloscope,channel.probe_ratio,프로브 배율,channel,set,:CHAN{channel}:PROB {value},,,low,channel,live_hardware_source_confirmed,"[{""maximum"":4,""minimum"":1,""name"":""channel"",""type"":""integer""},{""name"":""value"",""type"":""float""}]",rigol_ds1000z_driver,
rigol_ds1000z,RIGOL,DS1000Z,digital_oscilloscope,channel.probe_ratio,프로브 배율,channel,query,:CHAN{channel}:PROB?,float,,low,channel,live_hardware_source_confirmed,"[{""maximum"":4,""minimum"":1,""name"":""channel"",""type"":""integer""},{""name"":""value"",""type"":""float""}]",rigol_ds1000z_driver,
rigol_ds1000z,RIGOL,DS1000Z,digital_oscilloscope,channel.range,채널 전체 전압 범위,channel,set,:CHAN{channel}:RANG {value},,V,low,channel,live_hardware_source_confirmed,"[{""maximum"":4,""minimum"":1,""name"":""channel"",""type"":""integer""},{""name"":""value"",""type"":""float"",""unit"":""V""}]",rigol_ds1000z_driver,
rigol_ds1000z,RIGOL,DS1000Z,digital_oscilloscope,channel.range,채널 전체 전압 범위,channel,query,:CHAN{channel}:RANG?,float,V,low,channel,live_hardware_source_confirmed,"[{""maximum"":4,""minimum"":1,""name"":""channel"",""type"":""integer""},{""name"":""value"",""type"":""float"",""unit"":""V""}]",rigol_ds1000z_driver,
rigol_ds1000z,RIGOL,DS1000Z,digital_oscilloscope,channel.scale,채널 V/div,channel,set,:CHAN{channel}:SCAL {value},,V/div,low,channel,live_hardware_source_confirmed,"[{""maximum"":4,""minimum"":1,""name"":""channel"",""type"":""integer""},{""name"":""value"",""type"":""float"",""unit"":""V/div""}]",rigol_ds1000z_driver,
rigol_ds1000z,RIGOL,DS1000Z,digital_oscilloscope,channel.scale,채널 V/div,channel,query,:CHAN{channel}:SCAL?,float,V/div,low,channel,live_hardware_source_confirmed,"[{""maximum"":4,""minimum"":1,""name"":""channel"",""type"":""integer""},{""name"":""value"",""type"":""float"",""unit"":""V/div""}]",rigol_ds1000z_driver,
rigol_ds1000z,RIGOL,DS1000Z,digital_oscilloscope,channel.offset,채널 Offset,channel,set,:CHAN{channel}:OFFS {value},,V,low,channel,live_hardware_source_confirmed,"[{""maximum"":4,""minimum"":1,""name"":""channel"",""type"":""integer""},{""name"":""value"",""type"":""float"",""unit"":""V""}]",rigol_ds1000z_driver,
rigol_ds1000z,RIGOL,DS1000Z,digital_oscilloscope,channel.offset,채널 Offset,channel,query,:CHAN{channel}:OFFS?,float,V,low,channel,live_hardware_source_confirmed,"[{""maximum"":4,""minimum"":1,""name"":""channel"",""type"":""integer""},{""name"":""value"",""type"":""float"",""unit"":""V""}]",rigol_ds1000z_driver,
rigol_ds1000z,RIGOL,DS1000Z,digital_oscilloscope,channel.units,채널 단위,channel,set,:CHAN{channel}:UNIT {unit},,,low,channel,live_hardware_source_confirmed,"[{""maximum"":4,""minimum"":1,""name"":""channel"",""type"":""integer""},{""name"":""unit"",""type"":""string""}]",rigol_ds1000z_driver,
rigol_ds1000z,RIGOL,DS1000Z,digital_oscilloscope,channel.units,채널 단위,channel,query,:CHAN{channel}:UNIT?,string,,low,channel,live_hardware_source_confirmed,"[{""maximum"":4,""minimum"":1,""name"":""channel"",""type"":""integer""},{""name"":""unit"",""type"":""string""}]",rigol_ds1000z_driver,
rigol_ds1000z,RIGOL,DS1000Z,digital_oscilloscope,timebase.mode,타임베이스 모드,timebase,set,:TIM:MODE {mode},,,low,,live_hardware_source_confirmed,"[{""name"":""mode"",""type"":""string""}]",rigol_ds1000z_driver,
rigol_ds1000z,RIGOL,DS1000Z,digital_oscilloscope,timebase.mode,타임베이스 모드,timebase,query,:TIM:MODE?,string,,low,,live_hardware_source_confirmed,"[{""name"":""mode"",""type"":""string""}]",rigol_ds1000z_driver,
rigol_ds1000z,RIGOL,DS1000Z,digital_oscilloscope,timebase.scale,시간축 s/div,timebase,set,:TIM:SCAL {value},,s/div,low,,live_hardware_source_confirmed,"[{""name"":""value"",""type"":""float"",""unit"":""s/div""}]",rigol_ds1000z_driver,
rigol_ds1000z,RIGOL,DS1000Z,digital_oscilloscope,timebase.scale,시간축 s/div,timebase,query,:TIM:SCAL?,float,s/div,low,,live_hardware_source_confirmed,"[{""name"":""value"",""type"":""float"",""unit"":""s/div""}]",rigol_ds1000z_driver,
rigol_ds1000z,RIGOL,DS1000Z,digital_oscilloscope,timebase.offset,시간축 Offset,timebase,set,:TIM:OFFS {value},,s,low,,live_hardware_source_confirmed,"[{""name"":""value"",""type"":""float"",""unit"":""s""}]",rigol_ds1000z_driver,
rigol_ds1000z,RIGOL,DS1000Z,digital_oscilloscope,timebase.offset,시간축 Offset,timebase,query,:TIM:OFFS?,float,s,low,,live_hardware_source_confirmed,"[{""name"":""value"",""type"":""float"",""unit"":""s""}]",rigol_ds1000z_driver,
rigol_ds1000z,RIGOL,DS1000Z,digital_oscilloscope,trigger.mode,트리거 모드,trigger,set,:TRIG:MODE {mode},,,low,,live_hardware_source_confirmed,"[{""choices"":[""EDGE"",""PULS"",""SLOP""],""name"":""mode"",""type"":""enum""}]",rigol_ds1000z_driver,
rigol_ds1000z,RIGOL,DS1000Z,digital_oscilloscope,trigger.mode,트리거 모드,trigger,query,:TRIG:MODE?,string,,low,,live_hardware_source_confirmed,"[{""choices"":[""EDGE"",""PULS"",""SLOP""],""name"":""mode"",""type"":""enum""}]",rigol_ds1000z_driver,
rigol_ds1000z,RIGOL,DS1000Z,digital_oscilloscope,trigger.status,트리거 상태,trigger,query,:TRIG:STAT?,string,,low,,live_hardware_source_confirmed,[],rigol_ds1000z_driver,
rigol_ds1000z,RIGOL,DS1000Z,digital_oscilloscope,trigger.sweep,트리거 스윕 모드,trigger,set,:TRIG:SWE {mode},,,low,,live_hardware_source_confirmed,"[{""name"":""mode"",""type"":""string""}]",rigol_ds1000z_driver,
rigol_ds1000z,RIGOL,DS1000Z,digital_oscilloscope,trigger.sweep,트리거 스윕 모드,trigger,query,:TRIG:SWE?,string,,low,,live_hardware_source_confirmed,"[{""name"":""mode"",""type"":""string""}]",rigol_ds1000z_driver,
rigol_ds1000z,RIGOL,DS1000Z,digital_oscilloscope,trigger.noise_reject,트리거 노이즈 제거,trigger,set,:TRIG:NREJ {state},,,low,,live_hardware_source_confirmed,"[{""mapping"":{""false"":""0"",""true"":""1""},""name"":""state"",""type"":""boolean""}]",rigol_ds1000z_driver,
rigol_ds1000z,RIGOL,DS1000Z,digital_oscilloscope,trigger.noise_reject,트리거 노이즈 제거,trigger,query,:TRIG:NREJ?,boolean,,low,,live_hardware_source_confirmed,"[{""mapping"":{""false"":""0"",""true"":""1""},""name"":""state"",""type"":""boolean""}]",rigol_ds1000z_driver,
rigol_ds1000z,RIGOL,DS1000Z,digital_oscilloscope,trigger.edge.source,에지 트리거 소스,trigger,set,:TRIG:EDG:SOUR {source},,,low,,live_hardware_source_confirmed,"[{""name"":""source"",""note_ko"":""CHAN1~CHAN4, EXT 등"",""type"":""string""}]",rigol_ds1000z_driver,
rigol_ds1000z,RIGOL,DS1000Z,digital_oscilloscope,trigger.edge.source,에지 트리거 소스,trigger,query,:TRIG:EDG:SOUR?,string,,low,,live_hardware_source_confirmed,"[{""name"":""source"",""note_ko"":""CHAN1~CHAN4, EXT 등"",""type"":""string""}]",rigol_ds1000z_driver,
rigol_ds1000z,RIGOL,DS1000Z,digital_oscilloscope,trigger.edge.slope,에지 트리거 기울기,trigger,set,:TRIG:EDG:SLOP {slope},,,low,,live_hardware_source_confirmed,"[{""name"":""slope"",""type"":""string""}]",rigol_ds1000z_driver,
rigol_ds1000z,RIGOL,DS1000Z,digital_oscilloscope,trigger.edge.slope,에지 트리거 기울기,trigger,query,:TRIG:EDG:SLOP?,string,,low,,live_hardware_source_confirmed,"[{""name"":""slope"",""type"":""string""}]",rigol_ds1000z_driver,
rigol_ds1000z,RIGOL,DS1000Z,digital_oscilloscope,trigger.edge.level,에지 트리거 레벨,trigger,set,:TRIG:EDG:LEV {value},,V,low,,live_hardware_source_confirmed,"[{""name"":""value"",""type"":""float"",""unit"":""V""}]",rigol_ds1000z_driver,
rigol_ds1000z,RIGOL,DS1000Z,digital_oscilloscope,trigger.edge.level,에지 트리거 레벨,trigger,query,:TRIG:EDG:LEV?,float,V,low,,live_hardware_source_confirmed,"[{""name"":""value"",""type"":""float"",""unit"":""V""}]",rigol_ds1000z_driver,
rigol_ds1000z,RIGOL,DS1000Z,digital_oscilloscope,waveform.source,파형 데이터 소스,waveform,set,:WAV:SOUR {source},,,low,,live_hardware_source_confirmed,"[{""name"":""source"",""type"":""string""}]",rigol_ds1000z_driver,
rigol_ds1000z,RIGOL,DS1000Z,digital_oscilloscope,waveform.source,파형 데이터 소스,waveform,query,:WAV:SOUR?,string,,low,,live_hardware_source_confirmed,"[{""name"":""source"",""type"":""string""}]",rigol_ds1000z_driver,
rigol_ds1000z,RIGOL,DS1000Z,digital_oscilloscope,waveform.mode,파형 읽기 모드,waveform,set,:WAV:MODE {mode},,,low,,live_hardware_source_confirmed,"[{""name"":""mode"",""type"":""string""}]",rigol_ds1000z_driver,
rigol_ds1000z,RIGOL,DS1000Z,digital_oscilloscope,waveform.mode,파형 읽기 모드,waveform,query,:WAV:MODE?,string,,low,,live_hardware_source_confirmed,"[{""name"":""mode"",""type"":""string""}]",rigol_ds1000z_driver,
rigol_ds1000z,RIGOL,DS1000Z,digital_oscilloscope,waveform.format,파형 전송 형식,waveform,set,:WAV:FORM {format},,,low,,live_hardware_source_confirmed,"[{""choices"":[""ASC"",""BYTE"",""WORD""],""name"":""format"",""type"":""enum""}]",rigol_ds1000z_driver,
rigol_ds1000z,RIGOL,DS1000Z,digital_oscilloscope,waveform.format,파형 전송 형식,waveform,query,:WAV:FORM?,string,,low,,live_hardware_source_confirmed,"[{""choices"":[""ASC"",""BYTE"",""WORD""],""name"":""format"",""type"":""enum""}]",rigol_ds1000z_driver,
rigol_ds1000z,RIGOL,DS1000Z,digital_oscilloscope,waveform.start,파형 시작 포인트,waveform,set,:WAV:STAR {value},,,low,,live_hardware_source_confirmed,"[{""name"":""value"",""type"":""integer""}]",rigol_ds1000z_driver,
rigol_ds1000z,RIGOL,DS1000Z,digital_oscilloscope,waveform.start,파형 시작 포인트,waveform,query,:WAV:STAR?,integer,,low,,live_hardware_source_confirmed,"[{""name"":""value"",""type"":""integer""}]",rigol_ds1000z_driver,
rigol_ds1000z,RIGOL,DS1000Z,digital_oscilloscope,waveform.stop,파형 종료 포인트,waveform,set,:WAV:STOP {value},,,low,,live_hardware_source_confirmed,"[{""name"":""value"",""type"":""integer""}]",rigol_ds1000z_driver,
rigol_ds1000z,RIGOL,DS1000Z,digital_oscilloscope,waveform.stop,파형 종료 포인트,waveform,query,:WAV:STOP?,integer,,low,,live_hardware_source_confirmed,"[{""name"":""value"",""type"":""integer""}]",rigol_ds1000z_driver,
rigol_ds1000z,RIGOL,DS1000Z,digital_oscilloscope,waveform.data,파형 데이터 읽기,waveform,query,:WAV:DATA?,array,,low,,live_hardware_source_confirmed,[],rigol_ds1000z_driver,
rigol_ds1000z,RIGOL,DS1000Z,digital_oscilloscope,waveform.preamble,파형 Preamble,waveform,query,:WAV:PRE?,string,,low,,live_hardware_source_confirmed,[],rigol_ds1000z_driver,
keysight_e4980a,Keysight,E4980A,lcr_meter,lcr.frequency,측정 주파수,measurement,set,:FREQuency {value},,Hz,low,,project_driver_confirmed,"[{""maximum"":2000000.0,""minimum"":20,""name"":""value"",""type"":""float"",""unit"":""Hz""}]",qcodes_keysight_e4980a,
keysight_e4980a,Keysight,E4980A,lcr_meter,lcr.frequency,측정 주파수,measurement,query,:FREQuency?,float,Hz,low,,project_driver_confirmed,"[{""maximum"":2000000.0,""minimum"":20,""name"":""value"",""type"":""float"",""unit"":""Hz""}]",qcodes_keysight_e4980a,
keysight_e4980a,Keysight,E4980A,lcr_meter,lcr.measurement.function,임피던스 측정 조합,measurement,set,:FUNCtion:IMPedance {function},,,low,,project_driver_confirmed,"[{""choices"":[""CPD"",""CPQ"",""CPG"",""CPRP"",""CSD"",""CSQ"",""CSRS"",""LPD"",""LPQ"",""LPG"",""LPRP"",""LSD"",""LSQ"",""LSRS"",""LSRD"",""RX"",""ZTD"",""ZTR"",""GB"",""YTD"",""YTR"",""VDID""],""name"":""function"",""type"":""enum""}]",qcodes_keysight_e4980a,
keysight_e4980a,Keysight,E4980A,lcr_meter,lcr.measurement.function,임피던스 측정 조합,measurement,query,:FUNCtion:IMPedance?,string,,low,,project_driver_confirmed,"[{""choices"":[""CPD"",""CPQ"",""CPG"",""CPRP"",""CSD"",""CSQ"",""CSRS"",""LPD"",""LPQ"",""LPG"",""LPRP"",""LSD"",""LSQ"",""LSRS"",""LSRD"",""RX"",""ZTD"",""ZTR"",""GB"",""YTD"",""YTR"",""VDID""],""name"":""function"",""type"":""enum""}]",qcodes_keysight_e4980a,
keysight_e4980a,Keysight,E4980A,lcr_meter,lcr.impedance.range,임피던스 측정 범위,measurement,set,:FUNCtion:IMPedance:RANGe {value},,Ohm,low,,project_driver_confirmed,"[{""name"":""value"",""type"":""float"",""unit"":""Ohm""}]",qcodes_keysight_e4980a,
keysight_e4980a,Keysight,E4980A,lcr_meter,lcr.impedance.range,임피던스 측정 범위,measurement,query,:FUNCtion:IMPedance:RANGe?,float,Ohm,low,,project_driver_confirmed,"[{""name"":""value"",""type"":""float"",""unit"":""Ohm""}]",qcodes_keysight_e4980a,
keysight_e4980a,Keysight,E4980A,lcr_meter,lcr.impedance.autorange,임피던스 자동 범위,measurement,set,:FUNCtion:IMPedance:RANGe:AUTO {state},,,low,,project_driver_confirmed,"[{""mapping"":{""false"":""0"",""true"":""1""},""name"":""state"",""type"":""boolean""}]",qcodes_keysight_e4980a,
keysight_e4980a,Keysight,E4980A,lcr_meter,lcr.impedance.autorange,임피던스 자동 범위,measurement,query,:FUNCtion:IMPedance:RANGe:AUTO?,boolean,,low,,project_driver_confirmed,"[{""mapping"":{""false"":""0"",""true"":""1""},""name"":""state"",""type"":""boolean""}]",qcodes_keysight_e4980a,
keysight_e4980a,Keysight,E4980A,lcr_meter,lcr.signal.voltage_level,측정 신호 전압,source,set,:VOLTage:LEVel {value},,V,medium,,project_driver_confirmed,"[{""name"":""value"",""type"":""float"",""unit"":""V""}]",qcodes_keysight_e4980a,옵션 001 여부에 따라 0~2 V 또는 0~20 V.
keysight_e4980a,Keysight,E4980A,lcr_meter,lcr.signal.voltage_level,측정 신호 전압,source,query,:VOLTage:LEVel?,float,V,medium,,project_driver_confirmed,"[{""name"":""value"",""type"":""float"",""unit"":""V""}]",qcodes_keysight_e4980a,옵션 001 여부에 따라 0~2 V 또는 0~20 V.
keysight_e4980a,Keysight,E4980A,lcr_meter,lcr.signal.current_level,측정 신호 전류,source,set,:CURRent:LEVel {value},,A,medium,,project_driver_confirmed,"[{""name"":""value"",""type"":""float"",""unit"":""A""}]",qcodes_keysight_e4980a,옵션 001 여부에 따라 0~20 mA 또는 0~100 mA.
keysight_e4980a,Keysight,E4980A,lcr_meter,lcr.signal.current_level,측정 신호 전류,source,query,:CURRent:LEVel?,float,A,medium,,project_driver_confirmed,"[{""name"":""value"",""type"":""float"",""unit"":""A""}]",qcodes_keysight_e4980a,옵션 001 여부에 따라 0~20 mA 또는 0~100 mA.
keysight_e4980a,Keysight,E4980A,lcr_meter,bias.dc.state,DC Bias ON/OFF,bias,set,:BIAS:STATe {state},,,high,,project_driver_confirmed,"[{""mapping"":{""false"":""0"",""true"":""1""},""name"":""state"",""type"":""boolean""}]",qcodes_keysight_e4980a,
keysight_e4980a,Keysight,E4980A,lcr_meter,bias.dc.state,DC Bias ON/OFF,bias,query,:BIAS:STATe?,boolean,,high,,project_driver_confirmed,"[{""mapping"":{""false"":""0"",""true"":""1""},""name"":""state"",""type"":""boolean""}]",qcodes_keysight_e4980a,
keysight_e4980a,Keysight,E4980A,lcr_meter,bias.dc.voltage,DC Bias 전압,bias,set,:BIAS:VOLTage:LEVel {value},,V,high,,project_driver_confirmed,"[{""name"":""value"",""type"":""float_or_enum"",""unit"":""V""}]",qcodes_keysight_e4980a,"옵션 001이면 -40~40 V, 미장착이면 허용값 0/1.5/2 V."
keysight_e4980a,Keysight,E4980A,lcr_meter,bias.dc.voltage,DC Bias 전압,bias,query,:BIAS:VOLTage:LEVel?,float,V,high,,project_driver_confirmed,"[{""name"":""value"",""type"":""float_or_enum"",""unit"":""V""}]",qcodes_keysight_e4980a,"옵션 001이면 -40~40 V, 미장착이면 허용값 0/1.5/2 V."
keysight_e4980a,Keysight,E4980A,lcr_meter,correction.open.execute,OPEN 보정 실행,correction,execute,:CORRection:OPEN,,,medium,,project_driver_confirmed,[],qcodes_keysight_e4980a,
keysight_e4980a,Keysight,E4980A,lcr_meter,correction.open.state,OPEN 보정 적용,correction,set,:CORRection:OPEN:STATe {state},,,low,,project_driver_confirmed,"[{""mapping"":{""false"":""0"",""true"":""1""},""name"":""state"",""type"":""boolean""}]",qcodes_keysight_e4980a,
keysight_e4980a,Keysight,E4980A,lcr_meter,correction.open.state,OPEN 보정 적용,correction,query,:CORRection:OPEN:STATe?,boolean,,low,,project_driver_confirmed,"[{""mapping"":{""false"":""0"",""true"":""1""},""name"":""state"",""type"":""boolean""}]",qcodes_keysight_e4980a,
keysight_e4980a,Keysight,E4980A,lcr_meter,correction.short.execute,SHORT 보정 실행,correction,execute,:CORRection:SHORt,,,medium,,project_driver_confirmed,[],qcodes_keysight_e4980a,
keysight_e4980a,Keysight,E4980A,lcr_meter,correction.short.state,SHORT 보정 적용,correction,set,:CORRection:SHORt:STATe {state},,,low,,project_driver_confirmed,"[{""mapping"":{""false"":""0"",""true"":""1""},""name"":""state"",""type"":""boolean""}]",qcodes_keysight_e4980a,
keysight_e4980a,Keysight,E4980A,lcr_meter,correction.short.state,SHORT 보정 적용,correction,query,:CORRection:SHORt:STATe?,boolean,,low,,project_driver_confirmed,"[{""mapping"":{""false"":""0"",""true"":""1""},""name"":""state"",""type"":""boolean""}]",qcodes_keysight_e4980a,
keysight_e4980a,Keysight,E4980A,lcr_meter,measurement.impedance.corrected,보정된 R/X 읽기,measurement,query,:FETCH:IMPedance:CORRected?,float_pair,Ohm,low,,project_driver_confirmed,[],qcodes_keysight_e4980a,
keysight_e4980a,Keysight,E4980A,lcr_meter,measurement.impedance.formatted,선택 함수 결과 읽기,measurement,query,:FETCH:IMPedance:FORMatted?,float_triplet,,low,,project_driver_confirmed,[],qcodes_keysight_e4980a,
keysight_e4980a,Keysight,E4980A,lcr_meter,measurement.aperture,측정 시간·평균 횟수,measurement,set,":APERture {mode},{averaging_rate}",,,low,,project_driver_confirmed,"[{""choices"":[""SHOR"",""MED"",""LONG""],""name"":""mode"",""type"":""enum""},{""maximum"":256,""minimum"":1,""name"":""averaging_rate"",""type"":""integer""}]",qcodes_keysight_e4980a,
keysight_e4980a,Keysight,E4980A,lcr_meter,measurement.aperture,측정 시간·평균 횟수,measurement,query,:APERture?,string,,low,,project_driver_confirmed,"[{""choices"":[""SHOR"",""MED"",""LONG""],""name"":""mode"",""type"":""enum""},{""maximum"":256,""minimum"":1,""name"":""averaging_rate"",""type"":""integer""}]",qcodes_keysight_e4980a,
keysight_e4980a,Keysight,E4980A,lcr_meter,system.error.query,오류 큐 읽기,system,query,:SYSTem:ERRor?,string,,low,,project_driver_confirmed,[],qcodes_keysight_e4980a,
keysight_e4980a,Keysight,E4980A,lcr_meter,system.clear_status,상태 초기화,system,execute,*CLS,,,low,,project_driver_confirmed,[],qcodes_keysight_e4980a,
keysight_e4980a,Keysight,E4980A,lcr_meter,system.reset,초기화,system,execute,*RST,,,medium,,project_driver_confirmed,[],qcodes_keysight_e4980a,
keysight_n52xx_pna,Keysight,N52xx PNA/PNA-X,vector_network_analyzer,rf.output.state,RF 출력 ON/OFF,output,set,:OUTPut {state},,,high,,project_driver_confirmed,"[{""mapping"":{""false"":""0"",""true"":""1""},""name"":""state"",""type"":""boolean""}]","qcodes_keysight_n52xx,qcodes_keysight_n5245a",
keysight_n52xx_pna,Keysight,N52xx PNA/PNA-X,vector_network_analyzer,rf.output.state,RF 출력 ON/OFF,output,query,:OUTPut?,boolean,,high,,project_driver_confirmed,"[{""mapping"":{""false"":""0"",""true"":""1""},""name"":""state"",""type"":""boolean""}]","qcodes_keysight_n52xx,qcodes_keysight_n5245a",
keysight_n52xx_pna,Keysight,N52xx PNA/PNA-X,vector_network_analyzer,source.power,전체 소스 파워,source,set,SOUR:POW {value},,dBm,high,,project_driver_confirmed,"[{""maximum"":13,""minimum"":-30,""name"":""value"",""type"":""float"",""unit"":""dBm""}]","qcodes_keysight_n52xx,qcodes_keysight_n5245a",
keysight_n52xx_pna,Keysight,N52xx PNA/PNA-X,vector_network_analyzer,source.power,전체 소스 파워,source,query,SOUR:POW?,float,dBm,high,,project_driver_confirmed,"[{""maximum"":13,""minimum"":-30,""name"":""value"",""type"":""float"",""unit"":""dBm""}]","qcodes_keysight_n52xx,qcodes_keysight_n5245a",
keysight_n52xx_pna,Keysight,N52xx PNA/PNA-X,vector_network_analyzer,source.port.power,포트별 소스 파워,source,set,SOUR:POW{port} {value},,dBm,high,port,project_driver_confirmed,"[{""maximum"":4,""minimum"":1,""name"":""port"",""type"":""integer""},{""maximum"":13,""minimum"":-30,""name"":""value"",""type"":""float"",""unit"":""dBm""}]","qcodes_keysight_n52xx,qcodes_keysight_n5245a",
keysight_n52xx_pna,Keysight,N52xx PNA/PNA-X,vector_network_analyzer,source.port.power,포트별 소스 파워,source,query,SOUR:POW{port}?,float,dBm,high,port,project_driver_confirmed,"[{""maximum"":4,""minimum"":1,""name"":""port"",""type"":""integer""},{""maximum"":13,""minimum"":-30,""name"":""value"",""type"":""float"",""unit"":""dBm""}]","qcodes_keysight_n52xx,qcodes_keysight_n5245a",
keysight_n52xx_pna,Keysight,N52xx PNA/PNA-X,vector_network_analyzer,vna.if_bandwidth,IF 대역폭,bandwidth,set,SENS:BAND {value},,Hz,low,,project_driver_confirmed,"[{""maximum"":15000000.0,""minimum"":1,""name"":""value"",""type"":""float"",""unit"":""Hz""}]","qcodes_keysight_n52xx,qcodes_keysight_n5245a",
keysight_n52xx_pna,Keysight,N52xx PNA/PNA-X,vector_network_analyzer,vna.if_bandwidth,IF 대역폭,bandwidth,query,SENS:BAND?,float,Hz,low,,project_driver_confirmed,"[{""maximum"":15000000.0,""minimum"":1,""name"":""value"",""type"":""float"",""unit"":""Hz""}]","qcodes_keysight_n52xx,qcodes_keysight_n5245a",
keysight_n52xx_pna,Keysight,N52xx PNA/PNA-X,vector_network_analyzer,averaging.state,평균 ON/OFF,averaging,set,SENS:AVER {state},,,low,,project_driver_confirmed,"[{""mapping"":{""false"":""0"",""true"":""1""},""name"":""state"",""type"":""boolean""}]","qcodes_keysight_n52xx,qcodes_keysight_n5245a",
keysight_n52xx_pna,Keysight,N52xx PNA/PNA-X,vector_network_analyzer,averaging.state,평균 ON/OFF,averaging,query,SENS:AVER?,boolean,,low,,project_driver_confirmed,"[{""mapping"":{""false"":""0"",""true"":""1""},""name"":""state"",""type"":""boolean""}]","qcodes_keysight_n52xx,qcodes_keysight_n5245a",
keysight_n52xx_pna,Keysight,N52xx PNA/PNA-X,vector_network_analyzer,averaging.count,평균 횟수,averaging,set,SENS:AVER:COUN {value},,,low,,project_driver_confirmed,"[{""maximum"":65536,""minimum"":1,""name"":""value"",""type"":""integer""}]","qcodes_keysight_n52xx,qcodes_keysight_n5245a",
keysight_n52xx_pna,Keysight,N52xx PNA/PNA-X,vector_network_analyzer,averaging.count,평균 횟수,averaging,query,SENS:AVER:COUN?,integer,,low,,project_driver_confirmed,"[{""maximum"":65536,""minimum"":1,""name"":""value"",""type"":""integer""}]","qcodes_keysight_n52xx,qcodes_keysight_n5245a",
keysight_n52xx_pna,Keysight,N52xx PNA/PNA-X,vector_network_analyzer,analyzer.frequency.start,시작 주파수,frequency,set,SENS:FREQ:STAR {value},,Hz,low,,project_driver_confirmed,"[{""maximum"":50000000000.0,""minimum"":10000000.0,""name"":""value"",""type"":""float"",""unit"":""Hz""}]","qcodes_keysight_n52xx,qcodes_keysight_n5245a",
keysight_n52xx_pna,Keysight,N52xx PNA/PNA-X,vector_network_analyzer,analyzer.frequency.start,시작 주파수,frequency,query,SENS:FREQ:STAR?,float,Hz,low,,project_driver_confirmed,"[{""maximum"":50000000000.0,""minimum"":10000000.0,""name"":""value"",""type"":""float"",""unit"":""Hz""}]","qcodes_keysight_n52xx,qcodes_keysight_n5245a",
keysight_n52xx_pna,Keysight,N52xx PNA/PNA-X,vector_network_analyzer,analyzer.frequency.stop,종료 주파수,frequency,set,SENS:FREQ:STOP {value},,Hz,low,,project_driver_confirmed,"[{""maximum"":50000000000.0,""minimum"":10000000.0,""name"":""value"",""type"":""float"",""unit"":""Hz""}]","qcodes_keysight_n52xx,qcodes_keysight_n5245a",
keysight_n52xx_pna,Keysight,N52xx PNA/PNA-X,vector_network_analyzer,analyzer.frequency.stop,종료 주파수,frequency,query,SENS:FREQ:STOP?,float,Hz,low,,project_driver_confirmed,"[{""maximum"":50000000000.0,""minimum"":10000000.0,""name"":""value"",""type"":""float"",""unit"":""Hz""}]","qcodes_keysight_n52xx,qcodes_keysight_n5245a",
keysight_n52xx_pna,Keysight,N52xx PNA/PNA-X,vector_network_analyzer,analyzer.frequency.center,중심 주파수,frequency,set,SENS:FREQ:CENT {value},,Hz,low,,project_driver_confirmed,"[{""maximum"":50000000000.0,""minimum"":10000000.0,""name"":""value"",""type"":""float"",""unit"":""Hz""}]","qcodes_keysight_n52xx,qcodes_keysight_n5245a",
keysight_n52xx_pna,Keysight,N52xx PNA/PNA-X,vector_network_analyzer,analyzer.frequency.center,중심 주파수,frequency,query,SENS:FREQ:CENT?,float,Hz,low,,project_driver_confirmed,"[{""maximum"":50000000000.0,""minimum"":10000000.0,""name"":""value"",""type"":""float"",""unit"":""Hz""}]","qcodes_keysight_n52xx,qcodes_keysight_n5245a",
keysight_n52xx_pna,Keysight,N52xx PNA/PNA-X,vector_network_analyzer,analyzer.frequency.span,주파수 Span,frequency,set,SENS:FREQ:SPAN {value},,Hz,low,,project_driver_confirmed,"[{""maximum"":50000000000.0,""minimum"":0,""name"":""value"",""type"":""float"",""unit"":""Hz""}]","qcodes_keysight_n52xx,qcodes_keysight_n5245a",
keysight_n52xx_pna,Keysight,N52xx PNA/PNA-X,vector_network_analyzer,analyzer.frequency.span,주파수 Span,frequency,query,SENS:FREQ:SPAN?,float,Hz,low,,project_driver_confirmed,"[{""maximum"":50000000000.0,""minimum"":0,""name"":""value"",""type"":""float"",""unit"":""Hz""}]","qcodes_keysight_n52xx,qcodes_keysight_n5245a",
keysight_n52xx_pna,Keysight,N52xx PNA/PNA-X,vector_network_analyzer,analyzer.frequency.cw,CW 주파수,frequency,set,SENS:FREQ:CW {value},,Hz,low,,project_driver_confirmed,"[{""maximum"":50000000000.0,""minimum"":10000000.0,""name"":""value"",""type"":""float"",""unit"":""Hz""}]","qcodes_keysight_n52xx,qcodes_keysight_n5245a",
keysight_n52xx_pna,Keysight,N52xx PNA/PNA-X,vector_network_analyzer,analyzer.frequency.cw,CW 주파수,frequency,query,SENS:FREQ:CW?,float,Hz,low,,project_driver_confirmed,"[{""maximum"":50000000000.0,""minimum"":10000000.0,""name"":""value"",""type"":""float"",""unit"":""Hz""}]","qcodes_keysight_n52xx,qcodes_keysight_n5245a",
keysight_n52xx_pna,Keysight,N52xx PNA/PNA-X,vector_network_analyzer,sweep.points,스윕 포인트 수,sweep,set,SENS:SWE:POIN {value},,,low,,project_driver_confirmed,"[{""maximum"":100001,""minimum"":1,""name"":""value"",""type"":""integer""}]","qcodes_keysight_n52xx,qcodes_keysight_n5245a",
keysight_n52xx_pna,Keysight,N52xx PNA/PNA-X,vector_network_analyzer,sweep.points,스윕 포인트 수,sweep,query,SENS:SWE:POIN?,integer,,low,,project_driver_confirmed,"[{""maximum"":100001,""minimum"":1,""name"":""value"",""type"":""integer""}]","qcodes_keysight_n52xx,qcodes_keysight_n5245a",
keysight_n52xx_pna,Keysight,N52xx PNA/PNA-X,vector_network_analyzer,sweep.time,스윕 시간,sweep,query,SENS:SWE:TIME?,float,s,low,,project_driver_confirmed,[],"qcodes_keysight_n52xx,qcodes_keysight_n5245a",
keysight_n52xx_pna,Keysight,N52xx PNA/PNA-X,vector_network_analyzer,sweep.mode,스윕 모드,sweep,set,SENS:SWE:MODE {mode},,,low,,project_driver_confirmed,"[{""choices"":[""HOLD"",""CONT"",""GRO"",""SING""],""name"":""mode"",""type"":""enum""}]","qcodes_keysight_n52xx,qcodes_keysight_n5245a",
keysight_n52xx_pna,Keysight,N52xx PNA/PNA-X,vector_network_analyzer,sweep.mode,스윕 모드,sweep,query,SENS:SWE:MODE?,string,,low,,project_driver_confirmed,"[{""choices"":[""HOLD"",""CONT"",""GRO"",""SING""],""name"":""mode"",""type"":""enum""}]","qcodes_keysight_n52xx,qcodes_keysight_n5245a",
keysight_n52xx_pna,Keysight,N52xx PNA/PNA-X,vector_network_analyzer,sweep.type,스윕 종류,sweep,set,SENS:SWE:TYPE {type},,,low,,project_driver_confirmed,"[{""choices"":[""LIN"",""LOG"",""POW"",""CW"",""SEGM"",""PHAS""],""name"":""type"",""type"":""enum""}]","qcodes_keysight_n52xx,qcodes_keysight_n5245a",
keysight_n52xx_pna,Keysight,N52xx PNA/PNA-X,vector_network_analyzer,sweep.type,스윕 종류,sweep,query,SENS:SWE:TYPE?,string,,low,,project_driver_confirmed,"[{""choices"":[""LIN"",""LOG"",""POW"",""CW"",""SEGM"",""PHAS""],""name"":""type"",""type"":""enum""}]","qcodes_keysight_n52xx,qcodes_keysight_n5245a",
keysight_n52xx_pna,Keysight,N52xx PNA/PNA-X,vector_network_analyzer,trigger.source,트리거 소스,trigger,set,TRIG:SOUR {source},,,low,,project_driver_confirmed,"[{""choices"":[""EXT"",""IMM"",""MAN""],""name"":""source"",""type"":""enum""}]","qcodes_keysight_n52xx,qcodes_keysight_n5245a",
keysight_n52xx_pna,Keysight,N52xx PNA/PNA-X,vector_network_analyzer,trigger.source,트리거 소스,trigger,query,TRIG:SOUR?,string,,low,,project_driver_confirmed,"[{""choices"":[""EXT"",""IMM"",""MAN""],""name"":""source"",""type"":""enum""}]","qcodes_keysight_n52xx,qcodes_keysight_n5245a",
keysight_n52xx_pna,Keysight,N52xx PNA/PNA-X,vector_network_analyzer,trace.active,활성 트레이스,trace,set,CALC:PAR:MNUM {trace},,,low,trace,project_driver_confirmed,"[{""maximum"":24,""minimum"":1,""name"":""trace"",""type"":""integer""}]","qcodes_keysight_n52xx,qcodes_keysight_n5245a",
keysight_n52xx_pna,Keysight,N52xx PNA/PNA-X,vector_network_analyzer,trace.active,활성 트레이스,trace,query,CALC:PAR:MNUM?,integer,,low,trace,project_driver_confirmed,"[{""maximum"":24,""minimum"":1,""name"":""trace"",""type"":""integer""}]","qcodes_keysight_n52xx,qcodes_keysight_n5245a",
keysight_n52xx_pna,Keysight,N52xx PNA/PNA-X,vector_network_analyzer,trace.format,트레이스 형식,trace,set,CALC:FORM {format},,,low,trace,project_driver_confirmed,"[{""choices"":[""MLIN"",""MLOG"",""PHAS"",""UPH"",""IMAG"",""REAL"",""POLAR""],""name"":""format"",""type"":""enum""}]","qcodes_keysight_n52xx,qcodes_keysight_n5245a",
keysight_n52xx_pna,Keysight,N52xx PNA/PNA-X,vector_network_analyzer,trace.format,트레이스 형식,trace,query,CALC:FORM?,string,,low,trace,project_driver_confirmed,"[{""choices"":[""MLIN"",""MLOG"",""PHAS"",""UPH"",""IMAG"",""REAL"",""POLAR""],""name"":""format"",""type"":""enum""}]","qcodes_keysight_n52xx,qcodes_keysight_n5245a",
keysight_n52xx_pna,Keysight,N52xx PNA/PNA-X,vector_network_analyzer,trace.data.formatted,포맷된 트레이스 데이터,trace,query,CALC:DATA? FDATA,float_array,,low,trace,project_driver_confirmed,[],"qcodes_keysight_n52xx,qcodes_keysight_n5245a",
keysight_n52xx_pna,Keysight,N52xx PNA/PNA-X,vector_network_analyzer,trace.catalog,트레이스 카탈로그,trace,query,CALC:PAR:CAT:EXT?,string,,low,,project_driver_confirmed,[],"qcodes_keysight_n52xx,qcodes_keysight_n5245a",
keysight_n52xx_pna,Keysight,N52xx PNA/PNA-X,vector_network_analyzer,trace.select,이름으로 트레이스 선택,trace,execute,CALC:PAR:SEL '{trace_name}',,,low,trace,project_driver_confirmed,"[{""name"":""trace_name"",""type"":""string""}]","qcodes_keysight_n52xx,qcodes_keysight_n5245a",
keysight_n52xx_pna,Keysight,N52xx PNA/PNA-X,vector_network_analyzer,averaging.clear,평균 누적 초기화,averaging,execute,SENS:AVER:CLE,,,low,,project_driver_confirmed,[],"qcodes_keysight_n52xx,qcodes_keysight_n5245a",
rs_hmp2000_hmp4000,Rohde & Schwarz,HMP2000/HMP4000,dc_power_supply,system.beep,비프음,system,execute,SYST:BEEP,,,low,,source_code_confirmed,[],pymeasure_rs_hmp,
rs_hmp2000_hmp4000,Rohde & Schwarz,HMP2000/HMP4000,dc_power_supply,system.control_method,로컬·리모트 모드,system,execute,SYST:{mode},,,low,,source_code_confirmed,"[{""choices"":[""LOC"",""REM"",""MIX"",""RWL""],""name"":""mode"",""type"":""enum""}]",pymeasure_rs_hmp,
rs_hmp2000_hmp4000,Rohde & Schwarz,HMP2000/HMP4000,dc_power_supply,system.scpi_version,SCPI 버전,system,query,SYST:VERS?,string,,low,,source_code_confirmed,[],pymeasure_rs_hmp,
rs_hmp2000_hmp4000,Rohde & Schwarz,HMP2000/HMP4000,dc_power_supply,channel.select,채널 선택,channel,set,INST:NSEL {channel},,,low,channel,source_code_confirmed,"[{""maximum"":4,""minimum"":1,""name"":""channel"",""type"":""integer""}]",pymeasure_rs_hmp,
rs_hmp2000_hmp4000,Rohde & Schwarz,HMP2000/HMP4000,dc_power_supply,channel.select,채널 선택,channel,query,INST:NSEL?,integer,,low,channel,source_code_confirmed,"[{""maximum"":4,""minimum"":1,""name"":""channel"",""type"":""integer""}]",pymeasure_rs_hmp,
rs_hmp2000_hmp4000,Rohde & Schwarz,HMP2000/HMP4000,dc_power_supply,source.voltage,선택 채널 전압,source,set,VOLT {value},,V,high,selected_channel,source_code_confirmed,"[{""name"":""value"",""type"":""float"",""unit"":""V""}]",pymeasure_rs_hmp,
rs_hmp2000_hmp4000,Rohde & Schwarz,HMP2000/HMP4000,dc_power_supply,source.voltage,선택 채널 전압,source,query,VOLT?,float,V,high,selected_channel,source_code_confirmed,"[{""name"":""value"",""type"":""float"",""unit"":""V""}]",pymeasure_rs_hmp,
rs_hmp2000_hmp4000,Rohde & Schwarz,HMP2000/HMP4000,dc_power_supply,source.voltage.step,전압 Step,source,set,VOLT:STEP {value},,V,low,selected_channel,source_code_confirmed,"[{""maximum"":32.05,""minimum"":0,""name"":""value"",""type"":""float"",""unit"":""V""}]",pymeasure_rs_hmp,
rs_hmp2000_hmp4000,Rohde & Schwarz,HMP2000/HMP4000,dc_power_supply,source.voltage.step,전압 Step,source,query,VOLT:STEP?,float,V,low,selected_channel,source_code_confirmed,"[{""maximum"":32.05,""minimum"":0,""name"":""value"",""type"":""float"",""unit"":""V""}]",pymeasure_rs_hmp,
rs_hmp2000_hmp4000,Rohde & Schwarz,HMP2000/HMP4000,dc_power_supply,source.voltage.step_up,전압 한 Step 증가,source,execute,VOLT UP,,,high,selected_channel,source_code_confirmed,[],pymeasure_rs_hmp,
rs_hmp2000_hmp4000,Rohde & Schwarz,HMP2000/HMP4000,dc_power_supply,source.voltage.step_down,전압 한 Step 감소,source,execute,VOLT DOWN,,,high,selected_channel,source_code_confirmed,[],pymeasure_rs_hmp,
rs_hmp2000_hmp4000,Rohde & Schwarz,HMP2000/HMP4000,dc_power_supply,source.current,선택 채널 전류 한계,source,set,CURR {value},,A,high,selected_channel,source_code_confirmed,"[{""name"":""value"",""type"":""float"",""unit"":""A""}]",pymeasure_rs_hmp,
rs_hmp2000_hmp4000,Rohde & Schwarz,HMP2000/HMP4000,dc_power_supply,source.current,선택 채널 전류 한계,source,query,CURR?,float,A,high,selected_channel,source_code_confirmed,"[{""name"":""value"",""type"":""float"",""unit"":""A""}]",pymeasure_rs_hmp,
rs_hmp2000_hmp4000,Rohde & Schwarz,HMP2000/HMP4000,dc_power_supply,source.current.step,전류 Step,source,set,CURR:STEP {value},,A,low,selected_channel,source_code_confirmed,"[{""name"":""value"",""type"":""float"",""unit"":""A""}]",pymeasure_rs_hmp,
rs_hmp2000_hmp4000,Rohde & Schwarz,HMP2000/HMP4000,dc_power_supply,source.current.step,전류 Step,source,query,CURR:STEP?,float,A,low,selected_channel,source_code_confirmed,"[{""name"":""value"",""type"":""float"",""unit"":""A""}]",pymeasure_rs_hmp,
rs_hmp2000_hmp4000,Rohde & Schwarz,HMP2000/HMP4000,dc_power_supply,source.apply,전압·전류 동시 설정,source,set,"APPL {voltage}, {current}",,,high,selected_channel,source_code_confirmed,"[{""name"":""voltage"",""type"":""float"",""unit"":""V""},{""name"":""current"",""type"":""float"",""unit"":""A""}]",pymeasure_rs_hmp,
rs_hmp2000_hmp4000,Rohde & Schwarz,HMP2000/HMP4000,dc_power_supply,source.apply,전압·전류 동시 설정,source,query,APPL?,float_pair,,high,selected_channel,source_code_confirmed,"[{""name"":""voltage"",""type"":""float"",""unit"":""V""},{""name"":""current"",""type"":""float"",""unit"":""A""}]",pymeasure_rs_hmp,
rs_hmp2000_hmp4000,Rohde & Schwarz,HMP2000/HMP4000,dc_power_supply,channel.active,선택 채널 활성화,output,set,OUTPUT:SEL {state},,,high,selected_channel,source_code_confirmed,"[{""mapping"":{""false"":""0"",""true"":""1""},""name"":""state"",""type"":""boolean""}]",pymeasure_rs_hmp,
rs_hmp2000_hmp4000,Rohde & Schwarz,HMP2000/HMP4000,dc_power_supply,channel.active,선택 채널 활성화,output,query,OUTP:SEL?,boolean,,high,selected_channel,source_code_confirmed,"[{""mapping"":{""false"":""0"",""true"":""1""},""name"":""state"",""type"":""boolean""}]",pymeasure_rs_hmp,
rs_hmp2000_hmp4000,Rohde & Schwarz,HMP2000/HMP4000,dc_power_supply,output.master_state,마스터 출력 ON/OFF,output,set,OUTP:GEN {state},,,high,,source_code_confirmed,"[{""mapping"":{""false"":""0"",""true"":""1""},""name"":""state"",""type"":""boolean""}]",pymeasure_rs_hmp,
rs_hmp2000_hmp4000,Rohde & Schwarz,HMP2000/HMP4000,dc_power_supply,output.master_state,마스터 출력 ON/OFF,output,query,OUTP:GEN?,boolean,,high,,source_code_confirmed,"[{""mapping"":{""false"":""0"",""true"":""1""},""name"":""state"",""type"":""boolean""}]",pymeasure_rs_hmp,
rs_hmp2000_hmp4000,Rohde & Schwarz,HMP2000/HMP4000,dc_power_supply,measurement.voltage,선택 채널 실제 전압,measurement,query,MEAS:VOLT?,float,V,low,selected_channel,source_code_confirmed,[],pymeasure_rs_hmp,
rs_hmp2000_hmp4000,Rohde & Schwarz,HMP2000/HMP4000,dc_power_supply,measurement.current,선택 채널 실제 전류,measurement,query,MEAS:CURR?,float,A,low,selected_channel,source_code_confirmed,[],pymeasure_rs_hmp,
rs_hmp2000_hmp4000,Rohde & Schwarz,HMP2000/HMP4000,dc_power_supply,sequence.clear,ARB 시퀀스 삭제,sequence,execute,ARB:CLEAR {channel},,,medium,channel,source_code_confirmed,"[{""maximum"":4,""minimum"":1,""name"":""channel"",""type"":""integer""}]",pymeasure_rs_hmp,
rs_hmp2000_hmp4000,Rohde & Schwarz,HMP2000/HMP4000,dc_power_supply,sequence.data,ARB 시퀀스 데이터,sequence,set,ARB:DATA {triplets},,,high,,source_code_confirmed,"[{""name"":""triplets"",""type"":""voltage_current_time_triplets""}]",pymeasure_rs_hmp,"전압·전류·체류시간 3개 단위 반복, 최대 128 포인트; 체류 0.06~10 s."
rs_hmp2000_hmp4000,Rohde & Schwarz,HMP2000/HMP4000,dc_power_supply,sequence.repetitions,ARB 반복 횟수,sequence,set,ARB:REP {value},,,low,,source_code_confirmed,"[{""maximum"":255,""minimum"":0,""name"":""value"",""type"":""integer""}]",pymeasure_rs_hmp,0은 무한 반복이므로 기본 금지 권장.
rs_hmp2000_hmp4000,Rohde & Schwarz,HMP2000/HMP4000,dc_power_supply,sequence.repetitions,ARB 반복 횟수,sequence,query,ARB:REP?,integer,,low,,source_code_confirmed,"[{""maximum"":255,""minimum"":0,""name"":""value"",""type"":""integer""}]",pymeasure_rs_hmp,0은 무한 반복이므로 기본 금지 권장.
rs_hmp2000_hmp4000,Rohde & Schwarz,HMP2000/HMP4000,dc_power_supply,sequence.start,ARB 시퀀스 시작,sequence,execute,ARB:START {channel},,,high,channel,source_code_confirmed,"[{""maximum"":4,""minimum"":1,""name"":""channel"",""type"":""integer""}]",pymeasure_rs_hmp,
rs_hmp2000_hmp4000,Rohde & Schwarz,HMP2000/HMP4000,dc_power_supply,sequence.stop,ARB 시퀀스 정지,sequence,execute,ARB:STOP {channel},,,medium,channel,source_code_confirmed,"[{""maximum"":4,""minimum"":1,""name"":""channel"",""type"":""integer""}]",pymeasure_rs_hmp,
rs_hmp2000_hmp4000,Rohde & Schwarz,HMP2000/HMP4000,dc_power_supply,sequence.transfer,ARB 시퀀스 전송,sequence,execute,ARB:TRAN {channel},,,medium,channel,source_code_confirmed,"[{""maximum"":4,""minimum"":1,""name"":""channel"",""type"":""integer""}]",pymeasure_rs_hmp,
